FirstName,LastName,Math,Science,Language,Arts,Music
SMITH,HAAS,10,87,0,86,82
JOHNSON,GALLOWAY,42,41,96,96,30
WILLIAMS,BRAY,100,30,2,4,65
BROWN,NIEVES,17,43,58,69,11
JONES,PETTY,67,48,53,42,68
GARCIA,MCGRATH,43,46,99,37,44
MILLER,KAUFMAN,10,85,86,70,18
DAVIS,HOLDEN,33,85,69,4,43
RODRIGUEZ,KRAUSE,38,92,94,49,89
MARTINEZ,BAIRD,35,92,40,33,32
HERNANDEZ,RIGGS,3,0,76,19,39
LOPEZ,BRAUN,9,78,25,84,88
GONZALEZ,WERNER,9,26,20,81,35
WILSON,QUINONES,55,11,62,34,55
ANDERSON,SALDANA,9,56,47,22,79
THOMAS,MERCER,25,97,60,18,87
TAYLOR,HATFIELD,16,78,3,45,5
MOORE,MCNEIL,73,67,24,51,21
JACKSON,IRWIN,100,31,25,13,87
MARTIN,HOOPER,61,79,92,60,9
LEE,HAYS,73,35,85,69,65
PEREZ,JOYCE,12,8,44,90,77
THOMPSON,MCKNIGHT,40,34,2,86,69
WHITE,GAMBLE,11,97,78,92,21
HARRIS,DOWNS,14,20,21,70,74
SANCHEZ,PIERRE,33,76,16,11,23
CLARK,HANEY,96,14,48,10,36
RAMIREZ,FORBES,70,43,36,35,59
LEWIS,SAENZ,54,7,17,44,100
ROBINSON,DAVIES,50,60,1,94,40
WALKER,VERA,69,88,93,98,95
YOUNG,LEVINE,18,63,23,100,43
ALLEN,MOONEY,24,1,26,8,96
KING,JOHN,91,90,74,1,46
WRIGHT,ROSA,55,38,60,88,23
SCOTT,RIDDLE,66,90,65,67,8
TORRES,KEY,19,29,38,24,21
NGUYEN,CHO,49,92,33,36,15
HILL,KAISER,89,2,27,46,54
FLORES,HOLDER,3,55,57,87,2
GREEN,BIRD,63,92,77,5,53
ADAMS,BONNER,44,75,59,52,86
NELSON,FERRELL,15,36,67,37,89
BAKER,COTTON,38,66,63,72,44
HALL,DOTSON,71,56,38,78,77
RIVERA,MCGOWAN,71,70,0,16,46
CAMPBELL,BARLOW,43,100,26,99,43
MITCHELL,SHEA,4,27,5,18,62
CARTER,EWING,52,38,37,91,7
ROBERTS,BRIGHT,7,98,17,30,30
GOMEZ,BECERRA,34,43,6,67,62
PHILLIPS,LINDSAY,91,97,89,7,12
EVANS,RITTER,70,44,65,92,7
TURNER,COOLEY,17,53,35,99,81
DIAZ,FRITZ,50,31,87,65,31
PARKER,COOKE,0,95,46,24,76
CRUZ,DELANEY,98,18,78,50,74
EDWARDS,AMAYA,4,28,71,85,26
COLLINS,CHANEY,85,18,48,92,9
REYES,KIDD,37,50,46,97,57
STEWART,VELASCO,2,69,46,12,16
MORRIS,NGO,79,9,60,54,85
MORALES,CHENG,11,61,24,13,95
MURPHY,NEWELL,11,67,97,29,49
COOK,FREY,77,72,83,39,95
ROGERS,CARNEY,34,84,15,62,22
GUTIERREZ,BARRIOS,80,34,84,34,35
ORTIZ,BOLTON,85,57,20,80,53
MORGAN,HOLMAN,41,72,99,24,85
COOPER,TOVAR,100,60,41,42,60
PETERSON,CARDONA,43,7,79,70,17
BAILEY,DAILEY,36,98,28,11,50
REED,MERRILL,100,40,36,11,23
KELLY,COWAN,68,97,1,29,49
HOWARD,SLATER,87,72,62,63,72
RAMOS,ALBERT,64,94,55,15,10
KIM,JUSTICE,96,82,66,0,21
COX,OSBORN,86,39,18,26,84
WARD,CARVER,60,10,19,85,41
RICHARDSON,LANCASTER,66,27,3,97,24
WATSON,GOFF,17,42,14,0,40
BROOKS,ZAPATA,19,13,53,10,58
CHAVEZ,FULTON,20,67,70,30,65
WOOD,KANG,62,48,38,23,17
JAMES,SEARS,27,45,76,87,23
BENNETT,LEHMAN,85,98,10,84,24
GRAY,BYERS,52,65,87,83,86
MENDOZA,SNIDER,100,3,96,64,72
RUIZ,LAW,80,9,33,95,52
HUGHES,TAN,84,87,18,42,67
PRICE,LAKE,19,66,20,62,0
ALVAREZ,LUTZ,74,55,48,73,54
CASTILLO,COSTELLO,73,68,78,93,69
SANDERS,GAY,23,71,19,20,83
PATEL,GUTHRIE,41,40,93,44,29
MYERS,GALLARDO,57,100,23,22,5
LONG,WORKMAN,99,76,88,14,17
ROSS,MCFADDEN,38,75,62,68,63
FOSTER,BLANCO,51,38,47,45,24
JIMENEZ,GORMAN,59,60,61,4,9
POWELL,KATZ,26,97,93,15,50
JENKINS,KUHN,79,43,61,18,61
PERRY,NOEL,85,23,45,14,3
RUSSELL,VALLE,72,23,44,4,76
SULLIVAN,MARINO,0,92,27,31,58
BELL,HONG,26,81,76,37,36
COLEMAN,SPRINGER,99,75,41,61,73
BUTLER,PICKETT,30,15,92,0,4
HENDERSON,AGUILERA,95,0,94,38,53
BARNES,WITT,84,86,98,52,50
GONZALES,CARRASCO,54,23,73,32,40
FISHER,DONAHUE,62,2,79,46,28
VASQUEZ,KINNEY,77,4,90,29,55
SIMMONS,DONNELLY,88,66,97,79,39
ROMERO,BRITT,49,13,10,100,80
JORDAN,CRAFT,31,27,88,57,65
PATTERSON,ODELL,93,61,11,0,82
ALEXANDER,DALY,100,7,7,41,67
HAMILTON,WINTER,53,6,56,96,87
GRAHAM,ABRAHAM,79,66,36,21,22
REYNOLDS,BAEZ,94,41,75,64,84
GRIFFIN,RODRIGUES,68,11,31,32,55
WALLACE,WOOTEN,14,86,52,30,84
MORENO,HARTLEY,35,99,24,59,98
WEST,NG,88,0,44,93,35
COLE,KENDALL,46,22,84,18,51
HAYES,CLEVELAND,51,18,41,37,82
BRYANT,CROWLEY,20,88,52,50,96
HERRERA,PEARCE,22,48,2,92,37
GIBSON,DILLARD,52,42,14,2,19
ELLIS,WILDER,8,4,70,28,13
TRAN,LANGE,42,61,42,86,42
MEDINA,SHOEMAKER,52,9,89,13,19
AGUILAR,FLANAGAN,99,82,85,90,63
STEVENS,BRUNO,76,59,54,90,68
MURRAY,SEGURA,62,24,69,40,68
FORD,BEACH,80,54,63,12,90
CASTRO,CASTELLANOS,16,94,84,21,66
MARSHALL,TILLMAN,47,24,50,92,39
OWENS,ALFORD,16,38,10,38,95
HARRISON,FINCH,39,92,15,85,86
FERNANDEZ,MCLEOD,95,28,79,92,36
MCDONALD,MACKEY,73,4,20,25,38
WOODS,DODD,61,49,31,93,80
WASHINGTON,EMERSON,54,57,18,34,78
KENNEDY,MINOR,21,54,15,2,81
WELLS,MUNIZ,26,35,11,11,88
VARGAS,ALSTON,61,27,25,39,7
HENRY,MALONEY,78,18,53,95,76
CHEN,CHILDERS,43,10,95,56,75
FREEMAN,MCDERMOTT,26,42,70,87,45
WEBB,MOSER,79,94,61,6,89
TUCKER,VOGEL,63,37,98,61,26
GUZMAN,MCCABE,14,27,19,47,73
BURNS,DANG,3,4,56,77,97
CRAWFORD,ALONSO,42,14,21,91,59
OLSON,SAUCEDO,97,75,27,25,27
SIMPSON,STARR,82,88,9,45,71
PORTER,DO,28,70,24,40,61
HUNTER,HURTADO,15,6,15,72,21
GORDON,KIRKLAND,9,49,28,42,62
MENDEZ,HENDRICKSON,27,30,13,39,86
SILVA,HOLLEY,27,3,99,33,70
SHAW,CORDERO,2,44,41,6,42
SNYDER,FRANKS,44,73,98,17,58
MASON,GUILLEN,1,48,68,93,81
DIXON,WELSH,61,80,55,11,6
MUNOZ,RATLIFF,62,30,37,35,52
HUNT,SWEET,47,85,65,51,64
HICKS,TALLEY,19,59,46,35,47
HOLMES,WHITFIELD,30,5,45,80,48
PALMER,CROWE,79,69,61,75,42
WAGNER,GOLDSTEIN,71,34,11,71,53
BLACK,ENGLAND,60,26,20,84,65
ROBERTSON,PEREIRA,40,0,96,37,97
BOYD,LY,41,93,90,91,34
ROSE,JOYNER,25,61,99,72,14
STONE,RICHTER,35,74,72,72,70
SALAZAR,FARRIS,89,33,61,37,90
FOX,TRACY,5,95,13,23,27
WARREN,BACON,62,18,86,53,72
MILLS,HAN,14,13,36,10,36
MEYER,GIBBONS,46,63,12,35,61
RICE,MAYFIELD,88,4,20,88,54
SCHMIDT,HOANG,64,58,52,69,45
GARZA,ELDER,15,54,70,1,85
DANIELS,LAU,18,74,16,61,58
FERGUSON,DALE,23,93,30,26,91
NICHOLS,CAMP,26,41,1,27,97
STEPHENS,CONNOLLY,56,40,61,65,0
SOTO,HEWITT,88,37,18,78,75
WEAVER,CRAMER,43,97,77,73,18
RYAN,GOLDBERG,34,34,20,61,84
GARDNER,MORIN,26,88,100,9,97
PAYNE,SUTHERLAND,92,61,58,24,39
GRANT,KAPLAN,75,15,73,40,84
DUNN,MCALLISTER,24,64,74,28,56
KELLEY,BYRNE,11,5,19,18,73
SPENCER,OSORIO,12,46,17,91,35
HAWKINS,CASH,60,19,94,96,17
ARNOLD,HAINES,13,27,65,84,12
PIERCE,MEEKS,59,69,52,64,94
VAZQUEZ,WYNN,23,3,32,61,41
HANSEN,GILLIAM,56,84,99,1,30
PETERS,VIGIL,56,28,4,77,61
SANTOS,HICKEY,50,7,96,35,37
HART,CONNOR,26,83,22,81,45
BRADLEY,PATE,32,34,8,92,58
KNIGHT,ZEPEDA,37,5,32,67,82
ELLIOTT,HATCHER,70,48,22,99,11
CUNNINGHAM,ESCOBEDO,57,0,51,79,80
DUNCAN,ARREDONDO,48,3,9,33,59
ARMSTRONG,HYDE,57,46,45,27,37
HUDSON,CHRISTOPHER,3,74,0,86,77
CARROLL,MOBLEY,65,90,9,84,59
LANE,KESSLER,98,80,4,23,54
RILEY,BRITTON,92,49,13,86,13
ANDREWS,RITCHIE,53,10,0,59,59
ALVARADO,ROMANO,40,24,55,85,14
RAY,ONEIL,64,8,15,31,78
DELGADO,TYSON,71,54,78,62,9
BERRY,BUI,20,55,69,36,58
PERKINS,HILTON,90,28,76,38,22
HOFFMAN,CABALLERO,63,17,13,49,96
JOHNSTON,DOWNING,22,50,94,2,31
MATTHEWS,SHARPE,32,86,85,64,32
PENA,GUY,54,91,40,95,78
RICHARDS,HOLCOMB,30,12,78,7,4
CONTRERAS,RANKIN,77,85,20,18,67
WILLIS,GODFREY,32,1,13,12,30
CARPENTER,CHAMBERLAIN,96,60,74,40,4
LAWRENCE,FINK,64,77,30,100,82
SANDOVAL,HOLLIS,33,95,5,28,65
GUERRERO,FOREMAN,92,88,36,29,48
GEORGE,CARRANZA,85,63,59,74,89
CHAPMAN,SHARMA,67,44,16,85,87
RIOS,KERN,48,45,82,68,63
ESTRADA,CHU,13,57,54,55,84
ORTEGA,KNOWLES,6,31,91,59,100
WATKINS,MA,32,19,44,41,83
GREENE,MADISON,1,92,36,67,61
NUNEZ,CHILDS,89,84,73,24,93
WHEELER,BELCHER,44,83,4,100,68
VALDEZ,WILLS,66,95,29,15,35
HARPER,WOMACK,20,93,38,58,53
BURKE,DYE,11,12,100,22,24
LARSON,ARTHUR,53,33,82,58,85
SANTIAGO,GRACE,3,48,60,60,92
MALDONADO,BACA,98,13,85,75,77
MORRISON,RUTHERFORD,98,63,15,39,26
FRANKLIN,SORENSEN,23,59,78,100,88
CARLSON,MCCRAY,76,28,84,48,30
AUSTIN,HASTINGS,20,37,64,34,8
DOMINGUEZ,PIERSON,4,81,79,33,39
CARR,CHACON,10,17,70,46,61
LAWSON,RENTERIA,88,90,27,54,14
JACOBS,MOHAMED,55,96,11,85,88
OBRIEN,NICHOLAS,88,15,85,81,97
LYNCH,KENDRICK,31,87,91,73,40
SINGH,FERREIRA,45,71,95,7,32
VEGA,LOCKHART,65,62,18,12,3
BISHOP,BOGGS,100,91,45,95,77
MONTGOMERY,PRYOR,80,80,94,30,37
OLIVER,DOHERTY,32,53,15,64,80
JENSEN,SARGENT,53,71,32,1,28
HARVEY,KENNEY,16,44,53,26,39
WILLIAMSON,TUTTLE,20,28,43,68,0
GILBERT,DENTON,31,68,4,29,56
DEAN,MAGEE,56,16,7,52,37
SIMS,JAMISON,9,61,88,98,35
ESPINOZA,LYON,22,57,5,23,1
HOWELL,LOCKE,73,83,73,64,89
LI,PUCKETT,48,93,7,36,37
WONG,CORONADO,29,0,17,45,13
REID,OLVERA,54,35,75,26,67
HANSON,SYKES,81,79,60,3,9
LE,MANUEL,46,7,30,100,82
MCCOY,BURKS,93,74,42,46,11
GARRETT,CHIN,9,18,56,38,88
BURTON,QUIROZ,46,66,37,31,8
FULLER,HOPPER,71,69,73,89,70
WANG,MCGILL,57,71,21,42,58
WEBER,DOLAN,16,3,68,43,70
WELCH,MCKENNA,51,86,18,38,51
ROJAS,HEAD,9,44,90,5,28
LUCAS,MONTANO,42,2,35,94,10
MARQUEZ,PAREDES,74,56,68,7,43
FIELDS,DELATORRE,52,54,1,12,2
PARK,LANGLEY,8,23,90,17,22
YANG,SINCLAIR,92,4,17,58,2
LITTLE,DWYER,30,12,71,52,79
BANKS,SHIRLEY,27,89,84,85,43
PADILLA,MULLER,19,89,79,6,12
DAY,COURTNEY,70,30,96,99,76
WALSH,SLAUGHTER,62,56,40,8,81
BOWMAN,POLK,50,68,31,2,59
SCHULTZ,LEMUS,48,43,60,50,65
LUNA,COVINGTON,45,89,59,28,49
FOWLER,MADRIGAL,56,64,14,7,77
MEJIA,CLEMONS,94,76,3,97,31
DAVIDSON,ROSADO,19,20,85,0,8
ACOSTA,BROUSSARD,57,10,87,75,91
BREWER,MCGINNIS,16,6,50,99,89
MAY,HATCH,94,46,72,21,73
HOLLAND,SHEEHAN,48,48,28,16,52
JUAREZ,RUTLEDGE,33,87,48,30,38
NEWMAN,CORBIN,76,80,100,10,70
PEARSON,DEMPSEY,10,73,61,48,60
CURTIS,GARLAND,46,68,77,96,65
CORTEZ,CARMONA,68,31,89,71,52
DOUGLAS,BOWLING,6,64,56,6,41
SCHNEIDER,BURRIS,92,78,22,61,42
JOSEPH,WHITLEY,53,93,90,9,18
BARRETT,HAMM,79,21,50,93,75
NAVARRO,BLAND,82,87,37,77,55
FIGUEROA,BERMUDEZ,4,86,81,17,61
KELLER,STINSON,57,19,13,4,34
AVILA,PIKE,56,48,32,43,52
WADE,ORELLANA,51,76,98,44,52
MOLINA,DOWNEY,25,87,27,54,86
STANLEY,VARELA,35,66,7,61,66
HOPKINS,HARDEN,84,45,63,53,88
CAMPOS,COUCH,92,42,70,33,48
BARNETT,DICKINSON,40,71,46,20,99
BATES,CASSIDY,17,16,47,39,21
CHAMBERS,RUCKER,35,66,23,17,55
CALDWELL,GABRIEL,61,61,48,54,88
BECK,HERRON,82,97,51,74,10
LAMBERT,MCNAMARA,86,86,37,19,17
MIRANDA,ROUSE,93,89,87,16,82
BYRD,BURT,8,94,50,4,88
CRAIG,BATTLE,40,45,8,96,66
AYALA,GUSTAFSON,41,88,64,91,90
LOWE,HERBERT,42,97,88,95,69
FRAZIER,DUNBAR,75,45,0,3,75
POWERS,WEBBER,67,38,74,82,10
NEAL,BOYCE,50,81,70,7,97
LEONARD,DEWITT,88,87,54,55,29
GREGORY,ROSENBERG,74,81,30,33,93
CARRILLO,SIMMS,71,76,60,99,8
SUTTON,WOODRUFF,17,6,57,59,43
FLEMING,BRANDON,52,100,89,2,66
RHODES,ROMO,15,51,17,60,67
SHELTON,HUTCHINS,17,70,84,14,64
SCHWARTZ,KIRKPATRICK,97,40,8,79,69
NORRIS,CORBETT,7,45,83,91,100
JENNINGS,GRANADOS,55,40,65,15,17
WATTS,ROSSI,22,64,8,55,53
DURAN,GOSS,49,66,92,60,48
WALTERS,LOTT,13,66,31,69,65
COHEN,LEYVA,54,26,80,2,96
MCDANIEL,HINOJOSA,83,39,25,29,42
MORAN,GIL,93,34,31,11,42
PARKS,CRABTREE,32,53,14,13,13
STEELE,GRADY,37,27,85,82,56
VAUGHN,MCCLELLAN,17,42,2,94,26
BECKER,KUMAR,76,56,10,3,32
HOLT,FRASER,98,37,10,10,57
DELEON,RICO,38,4,80,72,67
BARKER,BINGHAM,5,83,47,16,53
TERRY,SORIANO,48,28,30,97,40
HALE,STERLING,32,48,51,54,36
LEON,FONSECA,88,29,65,84,80
HAIL,MADRID,7,0,22,9,69
BENSON,EMERY,1,25,100,31,46
HAYNES,SINGER,31,55,53,26,25
HORTON,ARAGON,52,15,36,31,0
MILES,AQUINO,84,52,80,53,3
LYONS,ELMORE,90,74,83,22,98
PHAM,WORLEY,51,82,69,63,21
GRAVES,SIMONS,57,58,31,84,47
BUSH,QUEZADA,30,42,46,11,36
THORNTON,OTT,49,48,52,90,66
WOLFE,OCAMPO,76,46,94,10,0
WARNER,AVILES,64,69,6,33,12
CABRERA,NIETO,55,68,66,24,47
MCKINNEY,ERVIN,83,35,53,85,24
MANN,GORE,16,99,4,98,87
ZIMMERMAN,SHAFER,51,82,9,18,72
DAWSON,WESTON,63,12,59,23,87
LARA,XU,46,46,46,43,43
FLETCHER,PLUMMER,100,72,18,85,75
PAGE,MICHEL,71,88,72,61,3
MCCARTHY,PAZ,79,67,23,77,53
LOVE,YANEZ,59,35,67,6,40
ROBLES,GREGG,85,3,3,14,2
CERVANTES,ABRAMS,3,25,84,47,54
SOLIS,SMART,89,41,1,43,36
ERICKSON,BEATTY,83,65,22,11,91
REEVES,SERNA,19,43,15,13,5
CHANG,MEIER,54,83,41,17,57
KLEIN,ROBISON,32,92,69,60,91
SALINAS,SWARTZ,22,50,36,68,74
FUENTES,SEYMOUR,53,65,41,75,85
BALDWIN,GLEASON,10,30,73,82,95
DANIEL,VELA,41,92,42,38,92
SIMON,PADGETT,91,5,78,6,11
VELASQUEZ,ACKERMAN,62,88,20,22,99
HARDY,HELLER,36,77,73,43,26
HIGGINS,ZIEGLER,16,97,9,4,87
AGUIRRE,VINSON,94,34,64,63,58
LIN,ELDRIDGE,29,14,35,91,99
CUMMINGS,PINA,59,61,93,80,53
CHANDLER,SCHUMACHER,58,23,9,52,97
SHARP,AKERS,89,44,0,40,48
BARBER,ROE,49,25,60,65,91
BOWEN,TOMLINSON,83,75,21,22,46
OCHOA,MAYES,27,69,52,84,15
DENNIS,ZHENG,23,36,58,21,6
ROBBINS,ALBRIGHT,65,10,83,100,42
LIU,BURGOS,14,2,36,92,36
RAMSEY,SWAIN,36,48,38,47,23
FRANCIS,MANLEY,53,79,59,87,3
GRIFFITH,HELTON,62,100,48,51,79
PAUL,SONG,75,8,4,55,14
BLAIR,QUICK,71,96,35,95,27
OCONNOR,LESLIE,50,14,30,69,33
CARDENAS,STERN,74,97,31,97,22
PACHECO,GIVENS,5,57,88,9,85
CROSS,TIPTON,64,8,66,56,87
CALDERON,COFFMAN,1,94,88,26,27
QUINN,GREENWOOD,18,32,9,67,6
MOSS,CURRAN,99,26,55,71,12
SWANSON,CHILDRESS,22,50,87,36,10
CHAN,FISH,8,16,84,34,37
RIVAS,ELKINS,14,15,27,42,55
KHAN,DALEY,90,96,13,42,5
RODGERS,LOWRY,6,1,86,66,66
SERRANO,ANGEL,21,50,32,36,37
FITZGERALD,SOLANO,50,17,81,67,12
ROSALES,DUONG,13,72,36,77,2
STEVENSON,EDMONDS,79,100,89,18,52
CHRISTENSEN,GOMES,25,87,29,11,50
MANNING,BUCKNER,93,89,80,82,8
GILL,WALDEN,46,71,89,53,53
CURRY,HUTCHISON,32,84,58,17,84
MCLAUGHLIN,GRIGGS,67,14,67,44,34
HARMON,NIX,17,53,63,14,85
MCGEE,CLIFTON,25,73,42,53,72
GROSS,THOMSON,22,11,26,17,7
DOYLE,YARBROUGH,1,93,38,18,78
GARNER,MCCAULEY,19,6,61,56,32
NEWTON,ELIAS,28,8,17,8,31
BURGESS,JACOB,41,58,27,90,70
REESE,MEREDITH,57,86,90,50,99
WALTON,MCELROY,78,24,76,24,56
BLAKE,GROVES,40,65,2,80,89
TRUJILLO,URIBE,65,64,78,85,17
ADKINS,HOSKINS,13,81,82,93,16
BRADY,BOWDEN,68,86,31,58,30
GOODMAN,TATUM,88,18,77,6,73
ROMAN,SCHAFER,32,23,25,52,48
WEBSTER,FIELD,1,60,95,7,84
GOODWIN,BUSTAMANTE,20,98,27,74,46
FISCHER,STOVER,90,59,92,16,25
HUANG,TEAGUE,33,86,18,8,55
POTTER,GUNTER,21,40,54,96,78
DELACRUZ,BURRELL,8,44,46,15,7
MONTOYA,FUNK,61,62,85,73,16
TODD,CROWDER,83,41,82,16,60
WU,SCHULZ,26,3,90,93,80
HINES,SANDERSON,31,87,68,86,25
MULLINS,CANALES,95,3,7,49,14
CASTANEDA,TOLBERT,73,30,76,42,17
MALONE,LUND,35,89,13,25,47
CANNON,BLUE,42,84,46,6,66
TATE,KAY,10,48,33,95,41
MACK,DRAPER,31,31,24,95,71
SHERMAN,SHAPIRO,62,95,11,82,70
HUBBARD,WHALEN,39,65,14,37,99
HODGES,NAVARRETE,90,31,55,42,13
ZHANG,GAMEZ,18,58,61,58,91
GUERRA,SWIFT,68,25,98,46,26
WOLF,INMAN,69,50,8,73,6
VALENCIA,CREWS,84,81,91,7,8
SAUNDERS,KURTZ,14,42,83,15,33
FRANCO,STROUD,88,96,82,74,40
ROWE,BLANTON,13,6,23,32,21
GALLAGHER,REECE,29,65,59,43,69
FARMER,LIANG,9,9,78,32,39
HAMMOND,FRANCISCO,29,22,93,45,60
HAMPTON,CROW,42,35,37,14,78
TOWNSEND,BLOOM,89,24,12,74,44
INGRAM,SUN,67,99,66,54,83
WISE,TOMPKINS,27,56,97,42,5
GALLEGOS,JUNG,22,8,71,31,37
CLARKE,NANCE,27,100,23,7,87
BARTON,ANAYA,50,75,73,2,22
SCHROEDER,MCKINLEY,33,0,57,96,16
MAXWELL,OLIVARES,41,50,69,29,66
WATERS,NEWSOME,43,21,32,51,18
LOGAN,THURMAN,55,74,69,92,45
CAMACHO,HELMS,70,90,43,29,7
STRICKLAND,METCALF,40,83,10,63,30
NORMAN,GOLDMAN,25,12,87,53,85
PERSON,SCHMITZ,97,99,3,61,91
COLON,CROUCH,82,16,22,55,38
PARSONS,MCMANUS,72,48,85,21,88
FRANK,AREVALO,4,14,8,9,15
HARRINGTON,HORNER,55,65,35,37,69
GLOVER,CONKLIN,95,43,59,39,42
OSBORNE,HOLBROOK,37,65,93,41,40
BUCHANAN,NEELY,39,68,71,27,93
CASEY,HOLLINGSWORTH,18,16,72,44,96
FLOYD,CLEMENT,5,45,90,23,80
PATTON,DEVINE,54,13,60,90,78
IBARRA,CROCKETT,57,39,81,36,72
BALL,BENAVIDES,38,93,27,51,79
TYLER,BULLARD,99,54,2,22,14
SUAREZ,LOUIS,92,92,86,40,65
BOWERS,STEINER,22,98,55,71,87
OROZCO,COATES,10,38,14,94,68
SALAS,DREW,47,31,85,64,99
COBB,BOWLES,81,83,37,58,40
GIBBS,PAYTON,26,65,72,91,86
ANDRADE,CHAPPELL,39,89,89,65,24
BAUER,AMOS,13,89,4,52,44
CONNER,HAGEN,81,26,56,89,51
MOODY,PHIPPS,98,19,80,87,44
ESCOBAR,SELF,63,71,25,45,22
MCGUIRE,LARKIN,68,47,64,1,37
LLOYD,POE,10,75,17,98,57
MUELLER,PRITCHARD,91,30,45,27,80
HARTMAN,MASTERS,16,0,4,19,22
FRENCH,GUNN,48,23,58,78,39
KRAMER,JEFFRIES,48,23,1,25,56
MCBRIDE,DOOLEY,2,4,73,84,69
POPE,PAGAN,59,74,14,17,61
LINDSEY,MCGHEE,76,38,91,11,18
VELAZQUEZ,POST,55,1,97,21,96
NORTON,MONTALVO,62,0,64,5,18
MCCORMICK,ZHOU,21,26,35,13,25
SPARKS,PRADO,71,88,45,49,69
FLYNN,HEARD,89,83,48,2,92
YATES,LORD,1,66,62,17,78
HOGAN,THAO,63,28,6,100,35
MARSH,CONNELLY,49,11,89,48,0
MACIAS,DRISCOLL,26,6,72,48,86
VILLANUEVA,DUBOIS,58,58,36,98,25
ZAMORA,FELDMAN,81,68,51,75,46
PRATT,COKER,42,15,79,91,93
STOKES,DICKEY,87,17,46,44,93
OWEN,POLLOCK,44,80,46,45,42
BALLARD,KIMBALL,73,96,52,25,28
LANG,RAINEY,0,78,91,97,19
BROCK,IVEY,90,57,5,74,18
VILLARREAL,GEE,4,23,61,15,21
CHARLES,BUTTS,89,58,66,7,7
DRAKE,MAHER,18,58,15,13,6
BARRERA,JEWELL,8,17,14,15,57
CAIN,BARRAGAN,73,74,53,16,12
PATRICK,MACHADO,26,73,10,0,40
PINEDA,RUBIN,52,89,45,83,23
BURNETT,REYNOSO,86,46,2,3,97
MERCADO,WESLEY,98,49,85,81,35
SANTANA,HIDALGO,21,85,66,75,34
SHEPHERD,CABRAL,57,13,35,43,87
BAUTISTA,SAMUEL,22,22,94,97,81
ALI,LACY,40,80,1,16,75
SHAFFER,GALLO,41,70,33,68,100
LAMB,EGAN,63,83,79,72,64
TREVINO,ALDRIDGE,43,53,19,2,34
MCKENZIE,SWENSON,55,6,47,12,82
HESS,SWAN,65,83,33,83,36
BEIL,STRATTON,86,98,44,100,88
OLSEN,HINKLE,65,83,60,18,66
COCHRAN,BUTCHER,75,51,24,54,68
MORTON,ORNELAS,47,96,58,67,51
NASH,FORREST,97,73,95,30,77
WILKINS,COLBERT,50,61,98,52,63
PETERSEN,ALEMAN,50,92,56,0,10
BRIGGS,RODRIQUEZ,77,42,3,34,9
SHAH,ARRINGTON,3,6,17,61,0
ROTH,GOINS,18,18,82,9,33
NICHOLSON,WHALEY,70,77,51,99,79
HOLLOWAY,ESPOSITO,70,98,84,82,38
LOZANO,NEFF,52,44,73,71,60
RANGEL,MEAD,5,18,77,23,87
FLOWERS,CASILLAS,23,77,89,32,43
HOOVER,LILLY,3,40,20,36,46
SHORT,BIGGS,90,4,16,8,44
ARIAS,YEAGER,50,41,72,88,93
MORA,GODWIN,60,6,66,37,88
VALENZUELA,SPRAGUE,6,83,74,26,20
BRYAN,ROSEN,11,78,42,83,9
MEYERS,QUINTANILLA,10,13,22,15,8
WEISS,OTTO,18,21,91,24,0
UNDERWOOD,BILLINGS,60,58,11,78,34
BASS,CONNELL,84,12,89,67,95
GREER,TEMPLE,58,41,44,48,92
SUMMERS,BOSWELL,70,21,3,38,5
HOUSTON,COLVIN,11,61,93,83,32
CARSON,KOENIG,81,32,45,74,15
MORROW,ERWIN,71,47,67,67,88
CLAYTON,TELLEZ,11,67,23,36,48
WHITAKER,NORWOOD,14,77,52,51,58
DECKER,MILLIGAN,10,0,37,92,89
YODER,AMES,10,38,63,44,1
COLLIER,PURCELL,74,16,50,95,68
ZUNIGA,LUDWIG,94,40,38,92,86
CAREY,SOUZA,33,81,14,95,22
WILCOX,HUGGINS,90,72,21,63,69
MELENDEZ,AMADOR,94,66,67,55,14
POOLE,DUNHAM,84,59,24,86,33
ROBERSON,GOODE,60,73,12,23,63
LARSEN,KAUFFMAN,34,93,15,72,18
CONLEY,PIPER,29,65,89,26,95
DAVENPORT,OLEARY,26,83,28,87,76
COPELAND,CUELLAR,17,88,79,84,90
MASSEY,STEWARD,15,97,73,48,25
LAM,WINN,39,44,47,23,15
HUFF,GARY,25,37,68,76,81
ROCHA,ZHAO,27,75,36,49,76
CAMERON,SEWELL,68,94,14,44,70
JEFFERSON,BROWNE,94,96,15,89,98
HOOD,RAMEY,6,78,40,8,88
MONROE,DAVISON,76,54,12,7,21
ANTHONY,CLIFFORD,10,30,46,36,74
PITTMAN,STAHL,89,67,29,43,49
HUYNH,YBARRA,88,89,33,64,3
RANDALL,SAMUELS,84,53,99,70,31
SINGLETON,DUKES,39,79,55,44,67
KIRK,SHERIDAN,76,8,93,59,85
COMBS,SNELL,4,87,73,87,24
MATHIS,VICKERS,84,27,12,95,39
CHRISTIAN,CARTWRIGHT,59,44,77,29,18
SKINNER,LINK,50,74,22,37,92
BRADFORD,BLACKMON,60,45,8,74,82
RICHARD,BUNCH,67,65,56,27,54
GALVAN,GRIMM,83,81,42,39,65
WALL,MEADE,9,35,53,54,67
BOONE,SILVER,7,64,5,55,83
KIRBY,OJEDA,72,55,52,92,9
WILKINSON,GEIGER,45,6,85,89,82
BRIDGES,DODGE,71,83,5,26,68
BRUCE,KRAFT,23,36,1,98,51
ATKINSON,LUJAN,10,69,26,68,32
VELEZ,BABCOCK,75,18,30,61,45
MEZA,HAND,18,85,3,4,45
ROY,WINKLER,34,41,4,30,90
VINCENT,PAINTER,22,26,13,52,31
YORK,REGAN,26,4,90,17,69
HODGE,BRAGG,66,80,47,99,13
VILLA,ENGEL,21,72,84,3,21
ABBOTT,VALADEZ,15,40,25,84,31
ALLISON,CARBAJAL,8,74,82,19,13
TAPIA,REDMOND,75,76,18,2,46
GATES,JARRETT,21,53,96,17,90
CHASE,BOLDEN,93,52,42,64,55
SOSA,WOLFF,35,23,30,98,56
SWEENEY,THORPE,81,14,81,36,64
FARRELL,HASSAN,73,67,68,72,13
WYATT,HADLEY,88,45,15,62,93
DALTON,HEALY,95,63,65,85,98
HORN,MCDONOUGH,83,60,29,60,0
BARRON,SHIN,25,80,41,44,77
PHELPS,GROVE,76,41,11,32,14
YU,BLOCK,58,71,4,10,52
DICKERSON,PEACOCK,80,71,13,80,33
HEATH,OHARA,28,34,92,98,19
FOLEY,HAMMER,94,93,1,31,48
ATKINS,FELICIANO,89,42,92,59,14
MATHEWS,WINSTON,7,22,37,58,92
BONILLA,BETANCOURT,24,93,10,58,84
ACEVEDO,BEAVER,79,21,67,72,17
BENITEZ,GODINEZ,25,55,90,57,43
ZAVALA,KILGORE,29,33,41,39,81
HENSLEY,MCGRAW,24,48,25,33,97
GLENN,DAHL,2,25,76,36,0
CISNEROS,DIAMOND,44,5,92,86,78
HARRELL,PIMENTEL,41,71,73,27,24
SHIELDS,CORNELL,69,17,25,20,94
RUBIO,ARREOLA,87,43,45,36,49
HUFFMAN,SIEGEL,14,74,91,89,95
CHOI,HANKINS,8,22,80,69,69
BOYER,RAINES,4,22,81,3,62
GARRISON,THACKER,21,10,51,81,78
ARROYO,SADLER,11,9,13,70,58
BOND,SOTELO,89,60,8,41,37
KANE,DUGAN,34,22,37,99,14
HANCOCK,COTE,17,25,97,28,12
CALLAHAN,BOWER,82,11,0,64,8
DILLON,MINER,57,24,0,59,90
CLINE,BRANTLEY,61,75,88,54,94
WIGGINS,SHEETS,91,99,59,78,95
GRIMES,SHERWOOD,59,91,91,38,2
ARELLANO,PINTO,30,60,45,56,36
MELTON,DOSS,40,45,77,96,84
ONEILL,STILES,59,27,8,66,56
SAVAGE,WILLARD,10,50,56,83,8
HO,WADDELL,55,30,85,58,83
BELTRAN,STANFORD,8,57,85,63,62
PITTS,LATHAM,45,54,12,93,5
PARRISH,ZHU,38,32,75,80,80
PONCE,IRVIN,16,51,94,29,25
RICH,MATOS,72,12,20,60,83
BOOTH,GAGNON,38,8,67,18,88
KOCH,CARLTON,52,95,80,84,88
GOLDEN,TIDWELL,82,40,18,59,80
WARE,LOVELL,17,82,32,34,8
BRENNAN,HOYT,33,82,5,34,21
MCDOWELL,SPIVEY,20,4,25,89,52
MARKS,JEAN,95,80,83,51,34
CANTU,LAND,15,57,96,75,26
HUMPHREY,PATINO,85,69,89,86,35
BAXTER,MARRERO,82,90,6,0,54
SAWYER,HAGER,16,68,51,64,74
CLAY,HURT,46,52,70,23,94
TANNER,ASH,3,36,97,58,51
HUTCHINSON,HAGAN,88,16,41,4,85
KAUR,BRITO,12,42,50,86,59
BERG,LANIER,81,61,27,94,31
WILEY,ZARATE,74,66,14,56,53
GILMORE,MAJOR,4,9,49,94,50
RUSSO,ESCAMILLA,41,72,81,53,16
VILLEGAS,OTERO,54,20,41,32,94
HOBBS,HENLEY,52,51,57,69,84
KEITH,DICK,49,49,65,56,34
WILKERSON,VOSS,53,99,47,59,33
AHMED,GREENBERG,60,91,4,9,67
BEARD,FINN,14,12,18,58,14
MCCLAIN,VENEGAS,14,9,58,43,18
MONTES,MCNEAL,1,34,92,26,5
MATA,METZGER,0,38,17,96,14
ROSARIO,COULTER,69,49,56,23,22
VANG,BEAL,85,94,17,98,49
WALTER,CRUMP,31,86,51,84,2
HENSON,JORGENSEN,77,34,98,27,67
ONEAL,MAURER,32,26,66,11,69
MOSLEY,KEARNEY,35,55,75,17,29
MCCLURE,CUMMINS,80,58,35,97,99
BEASLEY,FERRIS,50,88,92,33,67
STEPHENSON,MILTON,96,9,52,11,50
SNOW,TIMMONS,4,95,39,74,47
HUERTA,PALMA,94,55,56,63,12
PRESTON,ESCALANTE,30,18,45,16,80
VANCE,CAHILL,47,18,96,78,0
BARRY,SCHAFFER,86,52,45,91,23
JOHNS,GUIDRY,59,77,11,33,74
EATON,YEE,64,72,88,96,36
BLACKWELL,KRUSE,76,81,21,22,86
DYER,MCMULLEN,58,34,43,22,14
PRINCE,HURD,9,80,33,6,98
MACDONALD,CASTLE,39,67,40,43,85
SOLOMON,VALDES,32,29,66,32,24
GUEVARA,MCWILLIAMS,82,93,33,35,28
STAFFORD,LEUNG,35,4,5,7,22
ENGLISH,HOLLIDAY,82,22,98,2,39
HURST,HOUSER,88,42,10,12,98
WOODARD,BASSETT,44,63,9,96,10
CORTES,THOMASON,91,52,82,87,4
SHANNON,SAPP,91,26,57,17,22
KEMP,TRIPP,41,71,92,93,22
NOLAN,GALVEZ,21,23,84,98,38
MCCULLOUGH,EUBANKS,85,55,7,7,47
MERRITT,HILLIARD,67,40,60,61,11
MURILLO,CROCKER,2,56,77,28,10
MOON,CARUSO,74,75,6,17,25
SALGADO,ALONZO,47,69,84,10,34
STRONG,BARNARD,80,97,77,63,14
KLINE,DEAL,31,88,28,39,14
CORDOVA,METZ,57,43,6,61,18
BARAJAS,CARLISLE,4,1,98,92,58
ROACH,HARGROVE,80,82,15,1,25
ROSAS,KEENAN,9,53,89,44,97
WINTERS,NORTH,17,25,37,58,14
JACOBSON,DASILVA,61,66,42,81,77
LESTER,LEDESMA,58,52,23,83,38
KNOX,MESSER,76,49,32,54,11
BULLOCK,WESTBROOK,80,28,96,78,45
KERR,ROOT,6,24,94,56,28
LEACH,HACKETT,40,52,0,78,43
MEADOWS,POSEY,57,47,43,37,50
ORR,FOUNTAIN,17,32,68,51,1
DAVILA,CORNELIUS,86,74,59,12,64
WHITEHEAD,BENOIT,50,57,23,15,59
PRUITT,BARNHART,54,55,51,86,1
KENT,RENDON,21,64,95,77,39
CONWAY,HANNAH,24,42,90,43,65
MCKEE,PEDERSEN,99,58,34,53,29
BARR,STUBBS,22,90,24,79,32
DAVID,STARKS,78,81,71,8,39
DEJESUS,SIZEMORE,33,52,81,95,22
MARIN,EPPS,60,1,30,98,100
BERGER,OLIVAS,86,77,26,88,8
MCINTYRE,BERGERON,91,54,99,51,96
BLANKENSHIP,ROPER,70,95,91,16,56
GAINES,HIGHTOWER,25,34,89,95,15
PALACIOS,PAIGE,37,0,38,18,22
CUEVAS,URBAN,67,84,22,30,77
BARTLETT,BOUCHER,20,52,44,8,87
DURHAM,FONTENOT,44,79,12,100,89
DORSEY,WASHBURN,97,20,24,59,29
MCCALL,FARR,99,38,25,65,96
ODONNELL,MELVIN,23,16,63,1,43
STEIN,CULLEN,89,97,86,20,10
BROWNING,HU,79,27,22,11,68
STOUT,MCCOLLUM,33,37,47,93,62
LOWERY,BETTS,27,35,54,11,76
SLOAN,COYLE,77,31,55,47,83
MCLEAN,TROTTER,56,91,45,26,36
HENDRICKS,WILHELM,53,33,96,31,25
CALHOUN,BLOUNT,74,70,31,91,74
SEXTON,MURDOCK,40,72,76,89,80
CHUNG,STREET,38,98,71,6,23
GENTRY,LOCKWOOD,94,11,4,71,67
HULL,HINSON,12,91,43,34,35
DUARTE,RUDOLPH,75,45,42,50,78
ELLISON,WAITERS,97,90,93,75,76
NIELSEN,SEPULVEDA,98,50,29,7,88
GILLESPIE,DUVALL,70,60,75,3,71
BUCK,SMILEY,32,49,68,52,16
MIDDLETON,CASAS,24,67,50,77,48
SELLERS,DOAN,22,72,61,94,16
LEBLANC,MCQUEEN,63,67,54,15,59
ESPARZA,LANGSTON,22,35,92,55,96
HARDIN,SHEFFIELD,31,16,97,9,1
BRADSHAW,TACKETT,29,67,52,91,56
MCINTOSH,LOCKLEAR,17,6,10,29,88
HOWE,LINARES,15,4,18,75,58
LIVINGSTON,POLANCO,18,23,22,45,75
FROST,MARROQUIN,75,72,54,90,43
GLASS,CONNORS,3,82,70,10,59
MORSE,TRENT,59,62,25,14,24
KNAPP,CARMICHAEL,21,21,8,18,33
HERMAN,TOTH,8,23,25,67,30
STARK,RUSHING,42,17,38,10,85
BRAVO,CODY,33,96,82,44,37
NOBLE,GAMBOA,85,15,24,31,89
SPEARS,BREWSTER,71,91,10,27,94
WEEKS,SHIPLEY,36,18,0,73,30
CORONA,MENA,86,4,54,14,5
FREDERICK,PRIETO,74,16,35,42,60
BUCKLEY,GIFFORD,53,0,61,13,11
MCFARLAND,OLIVA,60,89,4,68,50
HEBERT,LAYTON,78,14,22,28,13
ENRIQUEZ,GASTON,7,26,55,8,95
HICKMAN,GOODRICH,41,84,92,60,43
QUINTERO,PRATER,77,74,48,83,98
RANDOLPH,BURGER,87,48,32,51,52
SCHAEFER,TOLEDO,38,75,64,58,52
WALLS,LOVETT,80,49,60,26,38
TREJO,GIPSON,78,100,59,33,2
HOUSE,ARCE,63,93,84,50,14
REILLY,WISEMAN,14,33,46,91,37
PENNINGTON,DOBSON,85,40,9,19,49
MICHAEL,LEDBETTER,55,26,58,38,24
CONRAD,ARTEAGA,27,33,38,49,73
GILES,PENN,13,61,92,39,87
BENJAMIN,JIANG,14,42,20,11,86
CROSBY,WHITMAN,22,6,30,11,68
FITZPATRICK,BURKETT,6,11,13,88,45
DONOVAN,KOEHLER,26,27,76,47,81
MAYS,CHRISTIANSEN,63,86,20,79,59
MAHONEY,SHELDON,8,77,47,100,50
VALENTINE,PRITCHETT,20,15,14,38,88
RAYMOND,PAULSON,48,69,21,86,21
MEDRANO,EDDY,3,50,0,75,45
HAHN,ROCK,80,42,7,29,36
MCMILLAN,ROLAND,98,30,24,29,83
SMALL,ARANDA,66,2,74,94,44
BENTLEY,MCCRACKEN,89,7,73,50,8
FELIX,HYATT,37,1,58,41,38
PECK,HANLEY,1,68,66,86,35
LUCERO,ARRIAGA,96,58,39,93,29
BOYLE,ENGLE,30,33,51,35,100
HANNA,STORY,18,2,33,67,71
PACE,VALENTIN,98,14,72,16,36
RUSH,YOST,68,40,7,2,46
HURLEY,LANGFORD,43,90,27,57,46
HARDING,HERNDON,75,37,47,75,92
MCCONNELL,NAPIER,77,44,89,91,96
BERNAL,LAI,91,55,95,61,100
NAVA,REEDER,60,65,13,23,10
AYERS,MCNEILL,78,42,82,6,65
EVERETT,LEVIN,15,0,11,76,12
VENTURA,LANDERS,3,4,36,16,100
AVERY,MIMS,68,65,84,89,88
PUGH,BRAND,2,78,63,24,94
MAYER,DELOSSANTOS,14,11,56,3,50
BENDER,VALLEJO,11,3,70,4,46
SHEPARD,LIMA,49,89,18,79,39
MCMAHON,CRONIN,44,42,59,84,39
LANDRY,MUHAMMAD,96,24,24,21,8
CASE,FITCH,73,91,6,37,99
SAMPSON,GUPTA,13,0,8,57,94
MOSES,OLIVEIRA,73,49,68,84,3
MAGANA,MCCAIN,76,90,76,70,76
BLACKBURN,MEDEIROS,74,2,56,90,82
DUNLAP,KRAUS,83,83,2,69,35
GOULD,STACY,23,43,11,8,52
DUFFY,PETTIT,13,89,24,56,80
VAUGHAN,BATEMAN,76,32,58,80,48
HERRING,PULIDO,34,73,76,62,98
MCKAY,ROCHE,31,19,53,77,56
ESPINOSA,TOBIN,86,60,91,53,26
RIVERS,ZARAGOZA,34,35,21,54,82
FARLEY,ISAAC,32,63,6,45,66
BERNARD,SPAULDING,81,27,32,79,53
ASHLEY,KEYS,61,48,82,63,58
FRIEDMAN,SYLVESTER,29,74,8,66,43
POTTS,NOWAK,81,95,45,25,30
TRUONG,WEIR,61,99,24,57,28
COSTA,DARLING,24,36,64,5,45
CORREA,BARRIENTOS,8,48,77,11,90
BLEVINS,OGDEN,94,64,52,47,45
NIXON,MCCLENDON,100,81,99,17,70
CLEMENTS,ARAUJO,87,68,63,73,36
FRY,SUMNER,55,2,4,24,68
DELAROSA,SAAVEDRA,62,65,6,23,12
BEST,GILLIS,68,85,88,75,22
BENTON,LANDIS,2,41,71,63,36
LUGO,CAUDILL,59,92,69,47,54
PORTILLO,JACOBSEN,89,37,83,58,4
DOUGHERTY,OVERTON,62,54,16,54,40
CRANE,DIEHL,12,79,38,61,88
HALEY,ALARCON,2,53,10,60,52
PHAN,HEDRICK,34,60,40,10,46
VILLALOBOS,TONEY,10,15,100,72,30
BLANCHARD,CHEUNG,6,29,70,48,74
HORNE,DARBY,27,91,59,32,54
FINLEY,THORNE,93,1,70,90,84
QUINTANA,MANSFIELD,38,85,68,33,78
LYNN,KYLE,63,34,40,92,14
ESQUIVEL,DIETZ,5,97,16,22,43
BEAN,SMALLWOOD,7,22,74,98,25
DODSON,ADAIR,7,71,25,34,31
MULLEN,GOLD,25,66,34,82,76
XIONG,LAIRD,18,14,15,27,43
HAYDEN,LACEY,57,16,78,51,90
CANO,CHRISTIE,36,6,79,6,27
LEVY,PACK,35,71,76,68,20
HUBER,VIDAL,17,60,10,4,92
RICHMOND,KISER,100,46,19,69,13
MOYER,PEOPLES,49,33,9,95,10
LIM,WAITE,24,93,22,5,58
FRYE,BEYER,68,32,57,54,37
SHEPPARD,DESAI,2,15,86,50,65
MCCARTY,BANUELOS,43,29,70,4,0
AVALOS,SPANGLER,48,51,32,67,99
BOOKER,MONDRAGON,9,97,69,50,98
WALLER,FAIR,8,41,9,83,59
PARRA,RIZZO,15,26,78,3,46
WOODWARD,SANDS,56,76,4,42,76
JARAMILLO,QUEEN,78,95,97,1,74
KRUEGER,LEDFORD,52,95,8,57,19
RASMUSSEN,ALLRED,93,11,59,14,4
BRANDT,BLEDSOE,21,96,5,39,75
PERALTA,RHOADES,81,82,79,10,65
DONALDSON,RICKS,93,88,79,59,65
STUART,SPICER,17,57,44,51,22
FAULKNER,ORDONEZ,8,11,76,87,0
MAYNARD,CHAVARRIA,45,68,56,60,100
GALINDO,BRYSON,46,57,58,68,60
COFFEY,HUTTON,29,85,0,74,64
ESTES,DOBBS,24,43,0,71,13
SANFORD,LAY,31,93,48,54,4
BURCH,ABEL,64,33,57,7,36
MADDOX,KEEN,80,59,3,18,46
VO,WOODY,42,31,71,21,9
OCONNELL,LUKE,30,78,27,9,99
VU,MCHUGH,89,67,39,36,65
ANDERSEN,NEGRON,58,14,80,56,84
SPENCE,COPE,68,72,23,54,95
MCPHERSON,TRIPLETT,93,21,58,93,21
CHURCH,HATHAWAY,80,98,26,91,16
SCHMITT,SALCEDO,44,47,38,5,75
STANTON,PRESLEY,75,19,41,25,91
LEAL,ERNST,26,5,57,71,94
CHERRY,HAYWOOD,53,35,34,99,44
COMPTON,PUTNAM,46,78,100,85,17
DUDLEY,NAJERA,85,54,27,2,13
SIERRA,STAPLETON,5,50,95,89,29
POLLARD,BATISTA,66,22,78,30,59
ALFARO,WILKES,89,81,69,26,29
HESTER,LOPES,99,61,23,96,94
PROCTOR,RICHEY,43,85,8,1,58
LU,OH,68,0,18,22,63
HINTON,KEYES,0,94,40,95,88
NOVAK,DILL,75,10,31,29,15
GOOD,HUMPHRIES,42,41,22,97,73
MADDEN,YOUNGBLOOD,23,3,65,68,22
MCCANN,CAPPS,70,31,4,35,77
TERRELL,CATES,50,12,71,52,51
JARVIS,COVARRUBIAS,86,70,49,18,70
DICKSON,ADDISON,75,64,18,10,34
REYNA,HA,87,80,78,34,28
CANTRELL,MCRAE,3,59,70,36,28
MAYO,CAO,6,31,43,52,84
BRANCH,DICKENS,83,4,12,13,12
HENDRIX,JUDD,26,38,11,88,82
ROLLINS,BARBOSA,54,13,32,97,71
ROWLAND,HAWLEY,17,82,42,85,93
WHITNEY,RAHMAN,72,84,64,49,18
DUKE,CRENSHAW,77,36,71,26,4
ODOM,LACKEY,40,64,82,78,63
DAUGHERTY,VARNER,26,7,26,51,48
TRAVIS,STALEY,56,29,51,43,11
TANG,KOWALSKI,62,93,79,31,55
ARCHER,KINCAID,53,58,85,60,80
HAAS,SMITH,54,35,65,39,29
GALLOWAY,JOHNSON,85,63,69,42,73
BRAY,WILLIAMS,94,91,10,10,99
NIEVES,BROWN,100,98,66,89,55
PETTY,JONES,34,31,69,65,6
MCGRATH,GARCIA,8,89,84,29,17
KAUFMAN,MILLER,40,65,15,6,33
HOLDEN,DAVIS,34,33,60,26,85
KRAUSE,RODRIGUEZ,7,56,25,7,17
BAIRD,MARTINEZ,9,30,81,3,82
RIGGS,HERNANDEZ,71,34,51,5,9
BRAUN,LOPEZ,17,33,41,25,21
WERNER,GONZALEZ,10,50,86,64,44
QUINONES,WILSON,5,30,15,26,59
SALDANA,ANDERSON,71,57,69,22,49
MERCER,THOMAS,15,55,60,79,55
HATFIELD,TAYLOR,57,96,28,52,23
MCNEIL,MOORE,63,59,15,79,51
IRWIN,JACKSON,22,38,20,5,55
HOOPER,MARTIN,51,49,53,5,66
HAYS,LEE,41,7,19,75,64
JOYCE,PEREZ,94,11,18,29,14
MCKNIGHT,THOMPSON,41,85,28,63,39
GAMBLE,WHITE,94,29,43,3,39
DOWNS,HARRIS,86,34,3,55,32
PIERRE,SANCHEZ,36,40,15,70,64
HANEY,CLARK,26,38,87,11,6
FORBES,RAMIREZ,25,0,41,36,84
SAENZ,LEWIS,84,63,17,75,45
DAVIES,ROBINSON,36,86,89,51,88
VERA,WALKER,2,39,31,59,92
LEVINE,YOUNG,14,94,13,68,59
MOONEY,ALLEN,50,97,42,66,57
JOHN,KING,41,45,6,16,61
ROSA,WRIGHT,23,79,78,23,26
RIDDLE,SCOTT,23,53,25,27,0
KEY,TORRES,28,62,100,91,94
CHO,NGUYEN,52,92,56,9,33
KAISER,HILL,100,11,84,12,97
HOLDER,FLORES,28,43,75,83,58
BIRD,GREEN,44,21,18,12,6
BONNER,ADAMS,32,83,30,42,50
FERRELL,NELSON,95,26,40,52,85
COTTON,BAKER,32,30,93,91,7
DOTSON,HALL,18,30,77,70,10
MCGOWAN,RIVERA,22,6,97,89,82
BARLOW,CAMPBELL,75,66,43,36,30
SHEA,MITCHELL,89,17,98,11,14
EWING,CARTER,53,44,29,32,96
BRIGHT,ROBERTS,62,38,64,87,99
BECERRA,GOMEZ,31,7,3,17,87
LINDSAY,PHILLIPS,9,67,88,7,74
RITTER,EVANS,54,41,18,67,85
COOLEY,TURNER,42,93,87,90,65
FRITZ,DIAZ,21,96,82,20,87
COOKE,PARKER,91,20,3,80,90
DELANEY,CRUZ,8,53,77,79,68
AMAYA,EDWARDS,16,43,66,15,13
CHANEY,COLLINS,60,61,10,89,34
KIDD,REYES,78,95,50,87,81
VELASCO,STEWART,21,7,17,77,70
NGO,MORRIS,27,46,39,80,75
CHENG,MORALES,19,90,90,79,11
NEWELL,MURPHY,32,97,100,42,80
FREY,COOK,93,5,19,23,48
CARNEY,ROGERS,6,37,96,48,32
BARRIOS,GUTIERREZ,25,5,40,41,42
BOLTON,ORTIZ,90,66,99,72,20
HOLMAN,MORGAN,100,20,83,39,24
TOVAR,COOPER,82,98,64,18,83
CARDONA,PETERSON,64,89,16,45,76
DAILEY,BAILEY,94,66,56,28,56
MERRILL,REED,19,7,20,83,17
COWAN,KELLY,84,51,54,70,98
SLATER,HOWARD,60,94,16,20,67
ALBERT,RAMOS,84,41,31,63,26
JUSTICE,KIM,20,11,70,59,45
OSBORN,COX,77,81,93,57,18
CARVER,WARD,45,67,54,87,72
LANCASTER,RICHARDSON,24,85,50,84,14
GOFF,WATSON,29,1,20,48,84
ZAPATA,BROOKS,3,73,16,30,6
FULTON,CHAVEZ,32,14,37,22,23
KANG,WOOD,87,25,20,54,72
SEARS,JAMES,1,42,4,85,87
LEHMAN,BENNETT,47,10,73,96,85
BYERS,GRAY,59,53,69,97,36
SNIDER,MENDOZA,38,71,59,3,25
LAW,RUIZ,11,8,35,68,4
TAN,HUGHES,92,22,42,38,19
LAKE,PRICE,60,54,4,17,70
LUTZ,ALVAREZ,61,97,61,72,22
COSTELLO,CASTILLO,2,15,86,6,24
GAY,SANDERS,17,52,9,48,45
GUTHRIE,PATEL,14,27,80,100,74
GALLARDO,MYERS,44,56,82,3,28
WORKMAN,LONG,28,15,54,18,51
MCFADDEN,ROSS,86,37,75,44,76
BLANCO,FOSTER,44,88,17,43,86
GORMAN,JIMENEZ,18,22,55,41,44
KATZ,POWELL,10,62,73,99,51
KUHN,JENKINS,18,22,53,72,81
NOEL,PERRY,89,96,19,84,61
VALLE,RUSSELL,40,92,16,83,58
MARINO,SULLIVAN,5,62,49,56,34
HONG,BELL,46,30,95,99,9
SPRINGER,COLEMAN,100,48,10,60,47
PICKETT,BUTLER,16,75,51,98,22
AGUILERA,HENDERSON,81,63,40,86,37
WITT,BARNES,76,95,78,19,43
CARRASCO,GONZALES,27,22,85,9,45
DONAHUE,FISHER,74,13,6,76,44
KINNEY,VASQUEZ,50,63,32,77,56
DONNELLY,SIMMONS,17,10,82,21,61
BRITT,ROMERO,74,21,49,28,96
CRAFT,JORDAN,97,98,65,57,18
ODELL,PATTERSON,61,76,35,17,53
DALY,ALEXANDER,56,95,7,19,52
WINTER,HAMILTON,13,79,88,53,17
ABRAHAM,GRAHAM,91,10,47,65,73
BAEZ,REYNOLDS,94,9,35,21,2
RODRIGUES,GRIFFIN,46,95,34,55,0
WOOTEN,WALLACE,22,3,35,23,90
HARTLEY,MORENO,8,14,4,45,50
NG,WEST,50,82,75,83,21
KENDALL,COLE,47,8,52,79,73
CLEVELAND,HAYES,37,23,60,54,78
CROWLEY,BRYANT,47,10,82,38,14
PEARCE,HERRERA,36,51,97,12,38
DILLARD,GIBSON,59,87,98,23,25
WILDER,ELLIS,57,85,90,79,31
LANGE,TRAN,81,68,95,0,21
SHOEMAKER,MEDINA,51,28,69,93,51
FLANAGAN,AGUILAR,50,29,2,70,12
BRUNO,STEVENS,56,68,71,51,59
SEGURA,MURRAY,50,15,97,41,87
BEACH,FORD,26,79,7,6,3
CASTELLANOS,CASTRO,29,51,98,82,57
TILLMAN,MARSHALL,35,51,2,12,88
ALFORD,OWENS,12,41,20,64,44
FINCH,HARRISON,48,38,0,5,36
MCLEOD,FERNANDEZ,5,79,0,23,19
MACKEY,MCDONALD,38,85,61,68,19
DODD,WOODS,65,86,93,89,11
EMERSON,WASHINGTON,71,55,46,0,62
MINOR,KENNEDY,64,79,39,63,55
MUNIZ,WELLS,98,28,37,50,9
ALSTON,VARGAS,4,61,5,17,35
MALONEY,HENRY,100,71,89,52,43
CHILDERS,CHEN,94,34,9,30,69
MCDERMOTT,FREEMAN,60,83,72,80,68
MOSER,WEBB,70,91,86,64,6
VOGEL,TUCKER,24,9,28,64,29
MCCABE,GUZMAN,78,71,2,61,14
DANG,BURNS,58,74,45,14,48
ALONSO,CRAWFORD,96,36,19,29,88
SAUCEDO,OLSON,65,6,71,94,33
STARR,SIMPSON,67,61,92,68,94
DO,PORTER,94,85,47,25,8
HURTADO,HUNTER,8,100,17,58,6
KIRKLAND,GORDON,69,99,100,6,69
HENDRICKSON,MENDEZ,33,9,77,81,2
HOLLEY,SILVA,79,89,5,76,83
CORDERO,SHAW,91,54,79,67,49
FRANKS,SNYDER,7,73,95,4,51
GUILLEN,MASON,39,35,45,87,95
WELSH,DIXON,41,35,97,27,67
RATLIFF,MUNOZ,77,42,37,47,15
SWEET,HUNT,46,51,90,23,21
TALLEY,HICKS,53,23,36,36,33
WHITFIELD,HOLMES,12,90,79,17,52
CROWE,PALMER,6,15,16,52,76
GOLDSTEIN,WAGNER,32,28,11,44,25
ENGLAND,BLACK,55,86,61,20,79
PEREIRA,ROBERTSON,41,93,0,87,15
LY,BOYD,35,40,35,43,88
JOYNER,ROSE,70,43,43,95,85
RICHTER,STONE,80,80,13,24,47
FARRIS,SALAZAR,78,61,61,54,36
TRACY,FOX,12,85,40,95,46
BACON,WARREN,15,17,59,67,2
HAN,MILLS,64,56,68,84,69
GIBBONS,MEYER,66,14,15,44,49
MAYFIELD,RICE,39,20,25,54,10
HOANG,SCHMIDT,90,15,19,4,36
ELDER,GARZA,53,7,66,91,31
LAU,DANIELS,35,7,51,73,60
DALE,FERGUSON,96,39,25,61,52
CAMP,NICHOLS,19,68,10,73,97
CONNOLLY,STEPHENS,24,30,52,58,92
HEWITT,SOTO,83,69,44,71,3
CRAMER,WEAVER,23,1,94,89,33
GOLDBERG,RYAN,61,0,96,42,24
MORIN,GARDNER,75,80,22,8,96
SUTHERLAND,PAYNE,44,68,100,70,10
KAPLAN,GRANT,18,80,77,50,57
MCALLISTER,DUNN,27,97,54,17,73
BYRNE,KELLEY,81,12,90,84,55
OSORIO,SPENCER,6,71,7,64,32
CASH,HAWKINS,48,17,51,96,75
HAINES,ARNOLD,82,43,25,21,21
MEEKS,PIERCE,73,63,75,73,37
WYNN,VAZQUEZ,60,23,5,1,41
GILLIAM,HANSEN,49,16,7,4,68
VIGIL,PETERS,1,98,59,51,15
HICKEY,SANTOS,95,36,78,35,51
CONNOR,HART,93,47,98,23,30
PATE,BRADLEY,76,4,94,79,95
ZEPEDA,KNIGHT,61,35,83,73,91
HATCHER,ELLIOTT,62,85,32,5,94
ESCOBEDO,CUNNINGHAM,5,44,28,73,10
ARREDONDO,DUNCAN,76,4,1,7,84
HYDE,ARMSTRONG,28,60,80,16,2
CHRISTOPHER,HUDSON,64,21,70,67,80
MOBLEY,CARROLL,19,49,23,88,77
KESSLER,LANE,60,28,11,78,48
BRITTON,RILEY,25,35,0,2,56
RITCHIE,ANDREWS,23,8,20,36,95
ROMANO,ALVARADO,99,11,30,77,33
ONEIL,RAY,10,21,6,42,85
TYSON,DELGADO,93,21,81,93,45
BUI,BERRY,5,25,39,4,86
HILTON,PERKINS,50,26,20,38,64
CABALLERO,HOFFMAN,35,57,91,28,67
DOWNING,JOHNSTON,5,62,30,68,23
SHARPE,MATTHEWS,48,26,27,41,70
GUY,PENA,81,27,26,12,79
HOLCOMB,RICHARDS,46,26,88,17,9
RANKIN,CONTRERAS,42,3,21,72,19
GODFREY,WILLIS,16,51,40,7,34
CHAMBERLAIN,CARPENTER,61,100,76,53,9
FINK,LAWRENCE,6,35,91,7,13
HOLLIS,SANDOVAL,26,32,35,92,66
FOREMAN,GUERRERO,52,29,91,34,28
CARRANZA,GEORGE,91,70,79,25,81
SHARMA,CHAPMAN,6,4,74,96,12
KERN,RIOS,58,40,24,10,75
CHU,ESTRADA,15,18,7,93,55
KNOWLES,ORTEGA,10,41,98,19,66
MA,WATKINS,26,81,37,57,78
MADISON,GREENE,13,48,50,50,36
CHILDS,NUNEZ,44,62,48,64,8
BELCHER,WHEELER,36,80,100,74,33
WILLS,VALDEZ,53,16,21,10,18
WOMACK,HARPER,70,9,0,51,92
DYE,BURKE,89,42,13,29,61
ARTHUR,LARSON,64,46,22,50,79
GRACE,SANTIAGO,5,90,18,98,20
BACA,MALDONADO,39,79,94,7,9
RUTHERFORD,MORRISON,96,69,13,29,78
SORENSEN,FRANKLIN,67,87,86,46,90
MCCRAY,CARLSON,87,29,69,30,2
HASTINGS,AUSTIN,20,20,54,13,25
PIERSON,DOMINGUEZ,86,26,36,58,36
CHACON,CARR,61,26,73,19,34
RENTERIA,LAWSON,68,39,66,51,92
MOHAMED,JACOBS,98,64,39,97,48
NICHOLAS,OBRIEN,64,93,22,99,77
KENDRICK,LYNCH,94,39,79,65,28
FERREIRA,SINGH,75,17,67,37,77
LOCKHART,VEGA,97,51,25,97,17
BOGGS,BISHOP,14,47,81,85,44
PRYOR,MONTGOMERY,51,18,24,65,84
DOHERTY,OLIVER,66,40,40,66,18
SARGENT,JENSEN,56,35,58,14,46
KENNEY,HARVEY,80,61,94,46,91
TUTTLE,WILLIAMSON,55,36,4,39,44
DENTON,GILBERT,18,33,76,92,87
MAGEE,DEAN,6,62,77,3,22
JAMISON,SIMS,73,25,10,46,94
LYON,ESPINOZA,63,37,12,67,13
LOCKE,HOWELL,21,12,69,88,22
PUCKETT,LI,1,35,100,15,67
CORONADO,WONG,12,45,8,22,95
OLVERA,REID,92,35,80,53,72
SYKES,HANSON,18,30,76,71,30
MANUEL,LE,96,91,73,83,45
BURKS,MCCOY,24,45,67,24,60
CHIN,GARRETT,72,87,57,50,64
QUIROZ,BURTON,17,83,63,27,22
HOPPER,FULLER,48,7,31,69,15
MCGILL,WANG,81,65,95,72,99
DOLAN,WEBER,36,74,22,60,73
MCKENNA,WELCH,4,84,22,31,49
HEAD,ROJAS,83,25,46,90,31
MONTANO,LUCAS,66,17,61,33,31
PAREDES,MARQUEZ,45,64,37,69,55
DELATORRE,FIELDS,7,100,73,100,27
LANGLEY,PARK,8,15,85,93,85
SINCLAIR,YANG,57,6,91,74,69
DWYER,LITTLE,68,93,96,15,12
SHIRLEY,BANKS,8,92,76,98,54
MULLER,PADILLA,71,79,42,42,79
COURTNEY,DAY,49,13,25,68,25
SLAUGHTER,WALSH,90,56,90,57,25
POLK,BOWMAN,65,99,77,20,87
LEMUS,SCHULTZ,67,85,62,98,56
COVINGTON,LUNA,72,61,5,48,43
MADRIGAL,FOWLER,92,54,46,40,3
CLEMONS,MEJIA,33,76,34,24,99
ROSADO,DAVIDSON,89,73,67,84,72
BROUSSARD,ACOSTA,14,43,96,87,96
MCGINNIS,BREWER,52,86,23,73,18
HATCH,MAY,19,56,49,39,48
SHEEHAN,HOLLAND,2,17,41,50,79
RUTLEDGE,JUAREZ,1,99,47,97,23
CORBIN,NEWMAN,93,12,93,33,22
DEMPSEY,PEARSON,69,91,12,73,46
GARLAND,CURTIS,95,29,19,21,48
CARMONA,CORTEZ,35,67,71,24,7
BOWLING,DOUGLAS,91,78,26,20,28
BURRIS,SCHNEIDER,26,54,26,61,64
WHITLEY,JOSEPH,100,85,15,29,0
HAMM,BARRETT,48,32,100,5,40
BLAND,NAVARRO,65,37,83,98,94
BERMUDEZ,FIGUEROA,79,2,67,89,63
STINSON,KELLER,69,86,16,28,84
PIKE,AVILA,74,25,78,79,87
ORELLANA,WADE,19,65,67,13,2
DOWNEY,MOLINA,51,85,0,55,35
VARELA,STANLEY,100,93,73,59,38
HARDEN,HOPKINS,97,8,91,44,49
COUCH,CAMPOS,100,72,83,9,56
DICKINSON,BARNETT,10,18,3,66,37
CASSIDY,BATES,7,23,32,98,35
RUCKER,CHAMBERS,99,76,48,51,17
GABRIEL,CALDWELL,15,5,37,18,86
HERRON,BECK,88,85,96,13,47
MCNAMARA,LAMBERT,4,22,55,1,29
ROUSE,MIRANDA,54,56,95,7,20
BURT,BYRD,70,98,53,41,73
BATTLE,CRAIG,45,77,92,71,57
GUSTAFSON,AYALA,89,51,44,99,55
HERBERT,LOWE,54,21,80,86,33
DUNBAR,FRAZIER,81,10,89,74,49
WEBBER,POWERS,4,89,7,34,46
BOYCE,NEAL,2,33,85,61,4
DEWITT,LEONARD,16,98,78,96,57
ROSENBERG,GREGORY,51,5,6,24,39
SIMMS,CARRILLO,77,39,25,25,20
WOODRUFF,SUTTON,15,52,1,70,84
BRANDON,FLEMING,97,2,24,45,39
ROMO,RHODES,74,84,91,92,74
HUTCHINS,SHELTON,98,48,36,72,18
KIRKPATRICK,SCHWARTZ,94,24,76,41,96
CORBETT,NORRIS,28,96,0,53,98
GRANADOS,JENNINGS,53,5,74,52,56
ROSSI,WATTS,25,85,43,1,28
GOSS,DURAN,2,41,84,89,48
LOTT,WALTERS,87,26,0,94,87
LEYVA,COHEN,18,54,89,60,70
HINOJOSA,MCDANIEL,93,76,38,15,9
GIL,MORAN,89,21,47,89,7
CRABTREE,PARKS,35,5,48,16,31
GRADY,STEELE,8,24,67,26,12
MCCLELLAN,VAUGHN,62,58,63,63,3
KUMAR,BECKER,46,56,14,42,33
FRASER,HOLT,27,33,22,35,64
RICO,DELEON,44,78,50,79,45
BINGHAM,BARKER,20,66,89,24,36
SORIANO,TERRY,68,31,89,87,4
STERLING,HALE,4,16,31,59,25
FONSECA,LEON,100,58,49,18,30
MADRID,HAIL,29,17,60,32,91
EMERY,BENSON,19,61,12,59,9
SINGER,HAYNES,24,19,22,42,41
ARAGON,HORTON,54,51,58,85,40
AQUINO,MILES,32,15,67,16,48
ELMORE,LYONS,1,69,17,94,22
WORLEY,PHAM,88,74,23,39,11
SIMONS,GRAVES,74,19,18,17,83
QUEZADA,BUSH,58,65,44,46,1
OTT,THORNTON,18,96,24,11,88
OCAMPO,WOLFE,34,94,68,56,4
AVILES,WARNER,15,76,45,84,47
NIETO,CABRERA,14,74,44,1,37
ERVIN,MCKINNEY,36,9,100,35,42
GORE,MANN,44,59,66,19,98
SHAFER,ZIMMERMAN,81,93,91,81,82
WESTON,DAWSON,87,75,84,59,56
XU,LARA,73,21,18,50,84
PLUMMER,FLETCHER,42,25,50,85,72
MICHEL,PAGE,70,99,47,3,6
PAZ,MCCARTHY,74,95,70,4,12
YANEZ,LOVE,57,61,94,25,29
GREGG,ROBLES,24,91,38,52,8
ABRAMS,CERVANTES,10,75,14,65,58
SMART,SOLIS,34,25,88,61,24
BEATTY,ERICKSON,10,13,36,41,62
SERNA,REEVES,69,36,0,89,58
MEIER,CHANG,90,71,58,80,43
ROBISON,KLEIN,3,27,96,37,95
SWARTZ,SALINAS,47,82,92,22,94
SEYMOUR,FUENTES,40,18,13,52,85
GLEASON,BALDWIN,82,26,42,33,95
VELA,DANIEL,7,71,33,97,42
PADGETT,SIMON,90,66,88,29,32
ACKERMAN,VELASQUEZ,2,92,77,12,67
HELLER,HARDY,44,54,41,63,0
ZIEGLER,HIGGINS,63,12,5,54,42
VINSON,AGUIRRE,59,83,43,73,11
ELDRIDGE,LIN,51,24,47,13,86
PINA,CUMMINGS,82,42,31,17,37
SCHUMACHER,CHANDLER,17,7,42,96,48
AKERS,SHARP,96,2,68,54,86
ROE,BARBER,69,32,32,62,52
TOMLINSON,BOWEN,27,14,91,54,44
MAYES,OCHOA,21,88,12,88,36
ZHENG,DENNIS,93,0,88,81,31
ALBRIGHT,ROBBINS,25,26,26,98,5
BURGOS,LIU,100,72,79,97,44
SWAIN,RAMSEY,46,79,30,85,96
MANLEY,FRANCIS,10,77,4,60,50
HELTON,GRIFFITH,11,22,24,19,49
SONG,PAUL,33,92,42,55,7
QUICK,BLAIR,82,62,51,49,52
LESLIE,OCONNOR,23,80,14,74,84
STERN,CARDENAS,44,10,72,67,87
GIVENS,PACHECO,14,68,34,74,70
TIPTON,CROSS,93,68,32,2,39
COFFMAN,CALDERON,25,9,18,96,71
GREENWOOD,QUINN,31,71,54,3,74
CURRAN,MOSS,54,15,92,23,79
CHILDRESS,SWANSON,70,59,91,87,23
FISH,CHAN,26,55,83,83,27
ELKINS,RIVAS,24,25,53,51,12
DALEY,KHAN,44,11,26,38,21
LOWRY,RODGERS,48,80,85,20,77
ANGEL,SERRANO,69,29,39,41,11
SOLANO,FITZGERALD,27,98,64,67,42
DUONG,ROSALES,2,11,23,62,0
EDMONDS,STEVENSON,100,21,97,86,35
GOMES,CHRISTENSEN,6,98,45,90,37
BUCKNER,MANNING,95,4,44,44,31
WALDEN,GILL,14,24,49,14,81
HUTCHISON,CURRY,30,87,35,58,46
GRIGGS,MCLAUGHLIN,64,33,1,56,7
NIX,HARMON,81,56,79,9,45
CLIFTON,MCGEE,52,32,22,5,16
THOMSON,GROSS,27,92,5,46,6
YARBROUGH,DOYLE,85,98,0,2,2
MCCAULEY,GARNER,4,95,69,39,33
ELIAS,NEWTON,48,3,42,73,93
JACOB,BURGESS,8,85,89,73,0
MEREDITH,REESE,46,15,34,25,12
MCELROY,WALTON,41,61,44,55,53
GROVES,BLAKE,10,6,38,55,90
URIBE,TRUJILLO,35,73,96,38,25
HOSKINS,ADKINS,65,2,59,73,27
BOWDEN,BRADY,5,83,24,75,92
TATUM,GOODMAN,70,40,50,14,6
SCHAFER,ROMAN,30,8,12,71,83
FIELD,WEBSTER,53,16,39,17,13
BUSTAMANTE,GOODWIN,6,51,73,97,88
STOVER,FISCHER,32,43,99,67,22
TEAGUE,HUANG,79,21,35,80,96
GUNTER,POTTER,21,82,77,63,1
BURRELL,DELACRUZ,59,75,29,29,42
FUNK,MONTOYA,27,26,94,23,1
CROWDER,TODD,51,99,5,19,81
SCHULZ,WU,89,14,77,31,13
SANDERSON,HINES,90,75,6,94,32
CANALES,MULLINS,64,41,59,24,68
TOLBERT,CASTANEDA,79,57,33,22,59
LUND,MALONE,67,50,28,67,5
BLUE,CANNON,38,24,2,50,44
KAY,TATE,15,81,8,97,51
DRAPER,MACK,21,9,56,70,28
SHAPIRO,SHERMAN,19,80,38,44,3
WHALEN,HUBBARD,49,64,69,23,67
NAVARRETE,HODGES,68,30,95,17,29
GAMEZ,ZHANG,11,52,18,41,42
SWIFT,GUERRA,89,57,39,13,99
INMAN,WOLF,22,47,16,3,65
CREWS,VALENCIA,21,88,95,14,7
KURTZ,SAUNDERS,44,92,7,83,29
STROUD,FRANCO,31,57,1,14,13
BLANTON,ROWE,39,12,57,22,15
REECE,GALLAGHER,30,76,15,3,88
LIANG,FARMER,16,73,75,96,23
FRANCISCO,HAMMOND,9,22,13,1,20
CROW,HAMPTON,66,21,33,0,14
BLOOM,TOWNSEND,40,23,35,69,100
SUN,INGRAM,18,31,25,34,16
TOMPKINS,WISE,68,58,64,69,24
JUNG,GALLEGOS,56,65,75,43,91
NANCE,CLARKE,87,32,69,60,57
ANAYA,BARTON,14,39,81,79,65
MCKINLEY,SCHROEDER,25,44,72,52,33
OLIVARES,MAXWELL,59,89,2,23,54
NEWSOME,WATERS,71,78,3,6,50
THURMAN,LOGAN,43,31,55,37,12
HELMS,CAMACHO,32,74,72,2,24
METCALF,STRICKLAND,3,59,79,76,83
GOLDMAN,NORMAN,90,11,18,9,25
SCHMITZ,PERSON,54,13,41,30,52
CROUCH,COLON,83,51,74,43,64
MCMANUS,PARSONS,89,1,29,97,61
AREVALO,FRANK,21,57,7,77,41
HORNER,HARRINGTON,49,99,33,58,33
CONKLIN,GLOVER,12,26,19,24,19
HOLBROOK,OSBORNE,49,96,83,1,22
NEELY,BUCHANAN,56,13,98,25,35
HOLLINGSWORTH,CASEY,63,41,84,11,10
CLEMENT,FLOYD,94,91,2,87,43
DEVINE,PATTON,78,43,84,18,97
CROCKETT,IBARRA,14,27,4,60,18
BENAVIDES,BALL,52,2,90,67,96
BULLARD,TYLER,32,94,23,74,74
LOUIS,SUAREZ,21,20,90,38,100
STEINER,BOWERS,65,82,72,57,38
COATES,OROZCO,77,14,10,33,36
DREW,SALAS,14,9,53,58,63
BOWLES,COBB,17,24,65,49,13
PAYTON,GIBBS,61,50,96,56,31
CHAPPELL,ANDRADE,56,0,55,18,71
AMOS,BAUER,63,6,47,35,34
HAGEN,CONNER,89,66,62,11,45
PHIPPS,MOODY,18,6,55,98,11
SELF,ESCOBAR,13,16,52,67,100
LARKIN,MCGUIRE,56,86,36,62,22
POE,LLOYD,93,19,82,38,62
PRITCHARD,MUELLER,84,8,11,38,49
MASTERS,HARTMAN,73,66,74,86,12
GUNN,FRENCH,20,70,88,92,48
JEFFRIES,KRAMER,85,36,45,46,79
DOOLEY,MCBRIDE,32,44,11,59,28
PAGAN,POPE,56,88,40,35,65
MCGHEE,LINDSEY,49,33,51,52,90
POST,VELAZQUEZ,94,15,38,40,94
MONTALVO,NORTON,54,83,47,52,17
ZHOU,MCCORMICK,68,13,0,25,46
PRADO,SPARKS,72,38,64,77,99
HEARD,FLYNN,96,19,51,80,35
LORD,YATES,17,37,89,23,37
THAO,HOGAN,69,44,29,4,78
CONNELLY,MARSH,81,89,91,49,45
DRISCOLL,MACIAS,34,52,48,63,35
DUBOIS,VILLANUEVA,64,13,12,30,84
FELDMAN,ZAMORA,73,29,32,16,94
COKER,PRATT,39,57,22,36,56
DICKEY,STOKES,32,59,15,54,38
POLLOCK,OWEN,92,1,12,34,15
KIMBALL,BALLARD,45,38,73,32,40
RAINEY,LANG,58,66,23,83,10
IVEY,BROCK,75,98,14,84,80
GEE,VILLARREAL,46,27,83,52,39
BUTTS,CHARLES,55,41,73,63,84
MAHER,DRAKE,89,80,38,55,54
JEWELL,BARRERA,72,57,51,69,98
BARRAGAN,CAIN,28,56,21,80,28
MACHADO,PATRICK,84,50,63,66,7
RUBIN,PINEDA,87,68,29,97,12
REYNOSO,BURNETT,70,67,100,54,63
WESLEY,MERCADO,12,2,73,14,92
HIDALGO,SANTANA,43,9,30,7,72
CABRAL,SHEPHERD,67,98,84,29,1
SAMUEL,BAUTISTA,45,89,77,90,36
LACY,ALI,47,29,30,16,1
GALLO,SHAFFER,85,71,28,98,84
EGAN,LAMB,78,76,59,38,52
ALDRIDGE,TREVINO,2,94,36,51,17
SWENSON,MCKENZIE,67,35,8,86,53
SWAN,HESS,99,36,37,17,57
STRATTON,BEIL,78,84,57,60,10
HINKLE,OLSEN,76,98,72,49,29
BUTCHER,COCHRAN,16,69,79,96,26
ORNELAS,MORTON,94,44,50,35,36
FORREST,NASH,59,11,10,5,82
COLBERT,WILKINS,72,38,87,44,82
ALEMAN,PETERSEN,48,45,100,62,83
RODRIQUEZ,BRIGGS,19,5,71,72,87
ARRINGTON,SHAH,72,19,60,69,88
GOINS,ROTH,50,70,9,53,8
WHALEY,NICHOLSON,37,52,9,65,77
ESPOSITO,HOLLOWAY,13,19,97,96,36
NEFF,LOZANO,37,61,85,84,40
MEAD,RANGEL,9,60,10,13,40
CASILLAS,FLOWERS,97,67,68,23,89
LILLY,HOOVER,15,97,91,85,63
BIGGS,SHORT,90,71,3,64,22
YEAGER,ARIAS,25,98,4,6,19
GODWIN,MORA,100,33,60,83,46
SPRAGUE,VALENZUELA,11,77,37,17,43
ROSEN,BRYAN,87,89,61,82,24
QUINTANILLA,MEYERS,37,56,99,8,94
OTTO,WEISS,90,20,2,53,37
BILLINGS,UNDERWOOD,36,78,73,87,96
CONNELL,BASS,57,73,59,16,95
TEMPLE,GREER,79,83,25,22,31
BOSWELL,SUMMERS,43,0,76,59,49
COLVIN,HOUSTON,79,9,69,56,86
KOENIG,CARSON,13,0,27,42,1
ERWIN,MORROW,92,16,0,71,66
TELLEZ,CLAYTON,15,9,3,44,38
NORWOOD,WHITAKER,52,86,13,53,59
MILLIGAN,DECKER,88,66,44,18,69
AMES,YODER,17,64,40,18,43
PURCELL,COLLIER,80,89,56,35,36
LUDWIG,ZUNIGA,37,14,20,38,61
SOUZA,CAREY,88,9,39,32,9
HUGGINS,WILCOX,53,67,33,71,19
AMADOR,MELENDEZ,88,22,85,88,35
DUNHAM,POOLE,95,20,84,82,61
GOODE,ROBERSON,29,46,69,48,52
KAUFFMAN,LARSEN,83,86,53,48,83
PIPER,CONLEY,44,14,57,37,17
OLEARY,DAVENPORT,87,44,52,49,91
CUELLAR,COPELAND,35,16,38,52,88
STEWARD,MASSEY,36,51,70,48,48
WINN,LAM,72,73,89,28,54
GARY,HUFF,26,84,34,12,88
ZHAO,ROCHA,94,41,49,25,1
SEWELL,CAMERON,34,3,60,25,2
BROWNE,JEFFERSON,32,82,16,78,14
RAMEY,HOOD,86,39,98,67,97
DAVISON,MONROE,62,83,66,95,32
CLIFFORD,ANTHONY,81,95,73,69,81
STAHL,PITTMAN,22,7,0,57,16
YBARRA,HUYNH,60,6,82,42,9
SAMUELS,RANDALL,82,5,40,61,57
DUKES,SINGLETON,29,89,86,60,78
SHERIDAN,KIRK,75,96,37,46,97
SNELL,COMBS,40,70,53,77,5
VICKERS,MATHIS,80,89,18,23,72
CARTWRIGHT,CHRISTIAN,28,79,12,9,2
LINK,SKINNER,9,21,4,39,52
BLACKMON,BRADFORD,67,91,35,83,86
BUNCH,RICHARD,58,95,12,28,88
GRIMM,GALVAN,22,58,66,37,71
MEADE,WALL,86,84,30,18,58
SILVER,BOONE,52,27,43,7,22
OJEDA,KIRBY,56,3,78,46,49
GEIGER,WILKINSON,40,28,1,5,0
DODGE,BRIDGES,23,44,48,48,47
KRAFT,BRUCE,46,84,5,86,69
LUJAN,ATKINSON,56,71,8,93,98
BABCOCK,VELEZ,67,41,62,31,93
HAND,MEZA,30,12,73,60,28
WINKLER,ROY,74,31,47,93,6
PAINTER,VINCENT,66,95,10,16,47
REGAN,YORK,99,10,36,16,33
BRAGG,HODGE,61,71,21,100,29
ENGEL,VILLA,99,14,28,34,16
VALADEZ,ABBOTT,18,43,44,39,81
CARBAJAL,ALLISON,26,80,17,33,92
REDMOND,TAPIA,21,9,89,48,15
JARRETT,GATES,66,22,14,78,1
BOLDEN,CHASE,46,38,32,66,24
WOLFF,SOSA,19,81,48,10,65
THORPE,SWEENEY,92,21,24,37,9
HASSAN,FARRELL,3,48,9,39,83
HADLEY,WYATT,34,64,11,75,64
HEALY,DALTON,60,45,96,21,38
MCDONOUGH,HORN,90,52,72,47,10
SHIN,BARRON,49,51,61,93,61
GROVE,PHELPS,15,32,84,35,88
BLOCK,YU,74,12,54,76,52
PEACOCK,DICKERSON,56,86,33,49,20
OHARA,HEATH,76,18,85,61,63
HAMMER,FOLEY,54,52,54,5,0
FELICIANO,ATKINS,35,86,15,87,21
WINSTON,MATHEWS,22,46,44,48,90
BETANCOURT,BONILLA,98,96,87,71,12
BEAVER,ACEVEDO,36,44,19,19,60
GODINEZ,BENITEZ,4,85,6,38,29
KILGORE,ZAVALA,13,58,28,37,38
MCGRAW,HENSLEY,49,10,20,44,52
DAHL,GLENN,69,19,9,11,27
DIAMOND,CISNEROS,87,44,26,90,98
PIMENTEL,HARRELL,51,92,32,72,2
CORNELL,SHIELDS,44,68,19,93,26
ARREOLA,RUBIO,60,78,72,74,62
SIEGEL,HUFFMAN,45,18,93,10,78
HANKINS,CHOI,78,25,41,96,90
RAINES,BOYER,88,32,64,25,68
THACKER,GARRISON,18,26,93,33,15
SADLER,ARROYO,95,10,73,41,71
SOTELO,BOND,80,43,22,25,5
DUGAN,KANE,93,45,41,52,77
COTE,HANCOCK,2,57,98,30,45
BOWER,CALLAHAN,27,26,94,48,84
MINER,DILLON,54,100,72,15,50
BRANTLEY,CLINE,34,73,30,3,15
SHEETS,WIGGINS,53,92,33,43,50
SHERWOOD,GRIMES,1,40,71,100,48
PINTO,ARELLANO,42,4,100,65,62
DOSS,MELTON,100,98,44,21,47
STILES,ONEILL,99,6,94,64,76
WILLARD,SAVAGE,80,1,78,28,90
WADDELL,HO,36,7,86,51,11
STANFORD,BELTRAN,91,93,75,9,93
LATHAM,PITTS,79,13,24,38,81
ZHU,PARRISH,4,66,90,58,1
IRVIN,PONCE,96,98,4,3,34
MATOS,RICH,55,15,69,12,63
GAGNON,BOOTH,99,5,62,4,39
CARLTON,KOCH,63,50,21,64,48
TIDWELL,GOLDEN,87,36,95,17,35
LOVELL,WARE,29,11,58,50,89
HOYT,BRENNAN,96,43,32,40,40
SPIVEY,MCDOWELL,98,0,2,78,79
JEAN,MARKS,92,36,53,66,57
LAND,CANTU,38,100,11,94,70
PATINO,HUMPHREY,79,25,0,82,66
MARRERO,BAXTER,88,54,75,16,28
HAGER,SAWYER,63,32,93,99,0
HURT,CLAY,47,82,9,95,40
ASH,TANNER,70,28,33,99,100
HAGAN,HUTCHINSON,67,80,20,25,43
BRITO,KAUR,73,82,32,28,36
LANIER,BERG,5,27,53,0,48
ZARATE,WILEY,99,45,36,14,29
MAJOR,GILMORE,94,28,37,9,67
ESCAMILLA,RUSSO,14,2,28,71,18
OTERO,VILLEGAS,74,94,38,1,6
HENLEY,HOBBS,21,69,45,61,97
DICK,KEITH,64,49,16,75,34
VOSS,WILKERSON,11,91,47,1,29
GREENBERG,AHMED,9,13,74,89,51
FINN,BEARD,70,27,74,67,6
VENEGAS,MCCLAIN,85,48,1,5,2
MCNEAL,MONTES,98,91,1,96,31
METZGER,MATA,54,21,70,26,80
COULTER,ROSARIO,17,83,89,48,35
BEAL,VANG,8,55,94,37,12
CRUMP,WALTER,55,69,58,94,3
JORGENSEN,HENSON,56,86,7,66,62
MAURER,ONEAL,39,15,33,64,99
KEARNEY,MOSLEY,6,5,98,9,65
CUMMINS,MCCLURE,57,96,70,88,57
FERRIS,BEASLEY,59,62,1,10,14
MILTON,STEPHENSON,59,79,23,16,65
TIMMONS,SNOW,92,84,21,53,77
PALMA,HUERTA,19,44,65,63,21
ESCALANTE,PRESTON,60,31,35,14,85
CAHILL,VANCE,11,3,52,63,43
SCHAFFER,BARRY,1,38,47,69,9
GUIDRY,JOHNS,73,98,76,74,84
YEE,EATON,68,87,63,87,40
KRUSE,BLACKWELL,43,96,51,25,80
MCMULLEN,DYER,70,100,13,37,9
HURD,PRINCE,22,77,75,44,75
CASTLE,MACDONALD,77,14,66,6,90
VALDES,SOLOMON,2,12,22,25,18
MCWILLIAMS,GUEVARA,73,12,89,87,17
LEUNG,STAFFORD,44,16,17,87,33
HOLLIDAY,ENGLISH,42,30,18,11,79
HOUSER,HURST,100,10,28,72,48
BASSETT,WOODARD,39,55,24,55,65
THOMASON,CORTES,19,23,32,38,14
SAPP,SHANNON,33,8,7,93,27
TRIPP,KEMP,63,38,3,89,56
GALVEZ,NOLAN,54,87,38,36,71
EUBANKS,MCCULLOUGH,62,86,61,59,2
HILLIARD,MERRITT,74,35,94,92,12
CROCKER,MURILLO,16,66,20,67,68
CARUSO,MOON,10,44,45,81,47
ALONZO,SALGADO,2,48,2,12,68
BARNARD,STRONG,69,33,36,28,44
DEAL,KLINE,57,32,36,26,58
METZ,CORDOVA,1,49,100,77,25
CARLISLE,BARAJAS,30,29,57,3,23
HARGROVE,ROACH,65,4,21,0,48
KEENAN,ROSAS,35,10,87,76,3
NORTH,WINTERS,47,18,43,53,54
DASILVA,JACOBSON,6,35,31,27,7
LEDESMA,LESTER,19,89,94,28,28
MESSER,KNOX,81,38,4,76,15
WESTBROOK,BULLOCK,89,93,40,8,3
ROOT,KERR,1,83,21,46,69
HACKETT,LEACH,32,61,49,46,85
POSEY,MEADOWS,43,22,28,50,75
FOUNTAIN,ORR,77,50,99,44,70
CORNELIUS,DAVILA,16,1,90,52,20
BENOIT,WHITEHEAD,22,54,88,10,93
BARNHART,PRUITT,39,88,77,70,23
RENDON,KENT,62,64,34,36,50
HANNAH,CONWAY,50,97,61,70,97
PEDERSEN,MCKEE,33,85,19,26,11
STUBBS,BARR,15,72,70,93,58
STARKS,DAVID,79,97,76,16,76
SIZEMORE,DEJESUS,83,38,50,25,42
EPPS,MARIN,78,5,47,27,18
OLIVAS,BERGER,27,50,18,55,47
BERGERON,MCINTYRE,75,59,60,41,49
ROPER,BLANKENSHIP,88,75,43,58,83
HIGHTOWER,GAINES,58,20,95,88,23
PAIGE,PALACIOS,56,63,39,79,17
URBAN,CUEVAS,64,4,19,13,62
BOUCHER,BARTLETT,36,60,65,49,75
FONTENOT,DURHAM,24,96,97,49,77
WASHBURN,DORSEY,91,48,66,47,39
FARR,MCCALL,90,34,99,61,42
MELVIN,ODONNELL,95,27,16,49,57
CULLEN,STEIN,7,19,61,21,5
HU,BROWNING,29,95,58,60,90
MCCOLLUM,STOUT,96,43,79,0,72
BETTS,LOWERY,54,87,48,43,16
COYLE,SLOAN,33,74,59,43,74
TROTTER,MCLEAN,77,2,32,66,61
WILHELM,HENDRICKS,85,52,65,40,34
BLOUNT,CALHOUN,44,43,19,82,69
MURDOCK,SEXTON,50,93,31,42,37
STREET,CHUNG,1,94,35,0,6
LOCKWOOD,GENTRY,9,41,12,62,83
HINSON,HULL,63,50,12,84,17
RUDOLPH,DUARTE,64,57,27,18,34
WAITERS,ELLISON,92,76,39,10,52
SEPULVEDA,NIELSEN,67,95,14,88,40
DUVALL,GILLESPIE,36,58,51,66,52
SMILEY,BUCK,81,19,0,95,7
CASAS,MIDDLETON,85,30,79,74,60
DOAN,SELLERS,76,83,31,50,14
MCQUEEN,LEBLANC,50,34,34,46,68
LANGSTON,ESPARZA,23,22,71,39,55
SHEFFIELD,HARDIN,77,36,5,12,48
TACKETT,BRADSHAW,29,3,1,76,46
LOCKLEAR,MCINTOSH,0,41,54,61,78
LINARES,HOWE,55,42,60,29,40
POLANCO,LIVINGSTON,76,43,80,18,27
MARROQUIN,FROST,48,43,11,58,11
CONNORS,GLASS,90,94,57,29,98
TRENT,MORSE,24,57,53,56,63
CARMICHAEL,KNAPP,1,23,79,52,77
TOTH,HERMAN,24,11,88,66,70
RUSHING,STARK,91,97,44,75,88
CODY,BRAVO,33,94,11,55,41
GAMBOA,NOBLE,62,99,24,7,38
BREWSTER,SPEARS,69,83,45,5,1
SHIPLEY,WEEKS,21,56,13,93,67
MENA,CORONA,86,39,73,0,92
PRIETO,FREDERICK,65,78,91,40,27
GIFFORD,BUCKLEY,72,65,21,89,41
OLIVA,MCFARLAND,81,72,80,45,21
LAYTON,HEBERT,37,76,42,96,36
GASTON,ENRIQUEZ,4,54,46,6,10
GOODRICH,HICKMAN,7,9,11,43,15
PRATER,QUINTERO,42,41,56,42,81
BURGER,RANDOLPH,3,65,82,72,98
TOLEDO,SCHAEFER,52,21,17,96,7
LOVETT,WALLS,40,53,60,12,61
GIPSON,TREJO,66,45,95,33,51
ARCE,HOUSE,63,82,77,94,31
WISEMAN,REILLY,80,79,56,82,59
DOBSON,PENNINGTON,98,5,85,34,14
LEDBETTER,MICHAEL,93,90,1,73,54
ARTEAGA,CONRAD,34,37,12,51,20
PENN,GILES,66,51,76,83,15
JIANG,BENJAMIN,35,5,8,67,43
WHITMAN,CROSBY,73,63,0,69,90
BURKETT,FITZPATRICK,71,66,54,100,10
KOEHLER,DONOVAN,90,60,73,67,64
CHRISTIANSEN,MAYS,56,44,35,53,95
SHELDON,MAHONEY,1,78,87,42,88
PRITCHETT,VALENTINE,9,45,33,38,14
PAULSON,RAYMOND,52,80,61,54,75
EDDY,MEDRANO,70,29,68,83,88
ROCK,HAHN,69,34,25,89,80
ROLAND,MCMILLAN,16,75,72,15,11
ARANDA,SMALL,27,43,92,82,22
MCCRACKEN,BENTLEY,63,93,68,92,8
HYATT,FELIX,59,85,14,62,92
HANLEY,PECK,33,17,2,88,87
ARRIAGA,LUCERO,76,77,75,41,63
ENGLE,BOYLE,59,5,76,3,13
STORY,HANNA,34,12,34,61,61
VALENTIN,PACE,16,25,1,85,12
YOST,RUSH,76,81,30,21,34
LANGFORD,HURLEY,28,64,13,10,76
HERNDON,HARDING,8,25,25,89,11
NAPIER,MCCONNELL,97,4,31,40,23
LAI,BERNAL,46,1,21,21,31
REEDER,NAVA,83,3,38,72,32
MCNEILL,AYERS,66,7,8,69,53
LEVIN,EVERETT,16,62,80,12,100
LANDERS,VENTURA,88,95,48,53,68
MIMS,AVERY,53,52,58,82,62
BRAND,PUGH,90,66,98,36,74
DELOSSANTOS,MAYER,27,54,76,16,12
VALLEJO,BENDER,96,24,29,28,49
LIMA,SHEPARD,88,41,30,89,17
CRONIN,MCMAHON,21,30,0,93,49
MUHAMMAD,LANDRY,19,12,91,57,83
FITCH,CASE,3,41,4,6,21
GUPTA,SAMPSON,15,22,75,67,33
OLIVEIRA,MOSES,29,54,39,46,3
MCCAIN,MAGANA,61,37,51,71,98
MEDEIROS,BLACKBURN,99,27,42,28,42
KRAUS,DUNLAP,93,82,6,45,77
STACY,GOULD,24,5,81,59,95
PETTIT,DUFFY,6,46,46,99,14
BATEMAN,VAUGHAN,43,79,96,9,53
PULIDO,HERRING,39,17,18,21,59
ROCHE,MCKAY,32,82,52,9,65
TOBIN,ESPINOSA,13,19,1,56,42
ZARAGOZA,RIVERS,48,95,26,83,87
ISAAC,FARLEY,96,24,22,77,94
SPAULDING,BERNARD,0,35,100,84,46
KEYS,ASHLEY,52,19,74,16,91
SYLVESTER,FRIEDMAN,64,4,8,25,22
NOWAK,POTTS,12,86,0,79,13
WEIR,TRUONG,68,35,30,44,22
DARLING,COSTA,15,9,82,23,12
BARRIENTOS,CORREA,36,21,79,38,95
OGDEN,BLEVINS,50,54,21,89,37
MCCLENDON,NIXON,66,67,14,38,12
ARAUJO,CLEMENTS,6,73,6,31,96
SUMNER,FRY,59,39,31,33,20
SAAVEDRA,DELAROSA,68,89,0,96,49
GILLIS,BEST,58,94,2,66,33
LANDIS,BENTON,43,7,92,72,9
CAUDILL,LUGO,13,86,2,31,31
JACOBSEN,PORTILLO,51,98,25,18,76
OVERTON,DOUGHERTY,56,77,6,8,74
DIEHL,CRANE,68,18,93,77,60
ALARCON,HALEY,94,10,43,55,80
HEDRICK,PHAN,48,58,96,67,25
TONEY,VILLALOBOS,73,45,55,32,100
CHEUNG,BLANCHARD,71,69,70,100,63
DARBY,HORNE,26,65,47,10,71
THORNE,FINLEY,39,11,69,21,66
MANSFIELD,QUINTANA,31,13,4,91,25
KYLE,LYNN,77,50,80,9,43
DIETZ,ESQUIVEL,88,68,44,82,66
SMALLWOOD,BEAN,87,74,96,17,27
ADAIR,DODSON,26,51,60,49,0
GOLD,MULLEN,10,54,8,15,3
LAIRD,XIONG,93,62,24,71,27
LACEY,HAYDEN,71,18,35,37,92
CHRISTIE,CANO,63,31,30,33,70
PACK,LEVY,77,58,43,66,18
VIDAL,HUBER,11,63,15,34,28
KISER,RICHMOND,78,73,38,72,56
PEOPLES,MOYER,26,19,44,69,0
WAITE,LIM,67,4,89,43,93
BEYER,FRYE,71,38,64,41,12
DESAI,SHEPPARD,26,62,9,4,5
BANUELOS,MCCARTY,89,84,72,26,84
SPANGLER,AVALOS,89,66,45,21,95
MONDRAGON,BOOKER,50,26,8,42,41
FAIR,WALLER,52,17,95,48,44
RIZZO,PARRA,75,38,87,35,29
SANDS,WOODWARD,57,65,2,2,20
QUEEN,JARAMILLO,97,21,79,94,88
LEDFORD,KRUEGER,49,56,14,1,8
ALLRED,RASMUSSEN,61,87,37,13,29
BLEDSOE,BRANDT,61,78,78,58,65
RHOADES,PERALTA,28,45,24,92,29
RICKS,DONALDSON,20,21,4,14,43
SPICER,STUART,5,16,63,36,79
ORDONEZ,FAULKNER,21,87,40,1,61
CHAVARRIA,MAYNARD,2,28,17,89,69
BRYSON,GALINDO,95,70,21,57,6
HUTTON,COFFEY,70,19,58,10,44
DOBBS,ESTES,12,56,9,8,48
LAY,SANFORD,35,30,21,6,23
ABEL,BURCH,29,61,90,53,19
KEEN,MADDOX,81,67,17,89,83
WOODY,VO,26,12,22,46,18
LUKE,OCONNELL,53,89,97,31,60
MCHUGH,VU,17,13,2,40,83
NEGRON,ANDERSEN,33,84,79,78,75
COPE,SPENCE,11,65,30,84,5
TRIPLETT,MCPHERSON,82,67,82,85,14
HATHAWAY,CHURCH,92,76,65,32,6
SALCEDO,SCHMITT,58,70,97,45,26
PRESLEY,STANTON,28,16,68,97,59
ERNST,LEAL,95,30,86,59,68
HAYWOOD,CHERRY,68,89,40,85,7
PUTNAM,COMPTON,39,62,28,54,41
NAJERA,DUDLEY,1,32,27,2,18
STAPLETON,SIERRA,68,81,15,88,12
BATISTA,POLLARD,5,10,28,43,11
WILKES,ALFARO,29,17,56,9,18
LOPES,HESTER,93,31,61,2,56
RICHEY,PROCTOR,61,41,27,16,85
OH,LU,29,41,18,7,71
KEYES,HINTON,98,61,47,29,9
DILL,NOVAK,21,37,98,81,93
HUMPHRIES,GOOD,29,95,10,5,78
YOUNGBLOOD,MADDEN,92,62,24,16,10
CAPPS,MCCANN,100,88,23,72,59
CATES,TERRELL,18,97,79,3,89
COVARRUBIAS,JARVIS,28,67,71,78,80
ADDISON,DICKSON,37,39,69,2,92
HA,REYNA,42,84,100,81,43
MCRAE,CANTRELL,18,13,80,1,74
CAO,MAYO,7,28,11,76,93
DICKENS,BRANCH,90,23,49,19,100
JUDD,HENDRIX,28,76,79,36,0
BARBOSA,ROLLINS,83,45,28,27,36
HAWLEY,ROWLAND,33,73,85,90,0
RAHMAN,WHITNEY,20,62,16,75,98
CRENSHAW,DUKE,26,21,73,90,83
LACKEY,ODOM,54,73,57,74,83
VARNER,DAUGHERTY,83,57,39,93,32
STALEY,TRAVIS,95,90,63,40,93
KOWALSKI,TANG,28,65,94,60,29
KINCAID,ARCHER,48,97,71,56,11