FirstName,LastName,Math,Science,Language,Arts,Music,Average
SMITH,HAAS,10,87,0,86,82,53
JOHNSON,GALLOWAY,42,41,96,96,30,61
WILLIAMS,BRAY,100,30,2,4,65,40.2
BROWN,NIEVES,17,43,58,69,11,39.6
JONES,PETTY,67,48,53,42,68,55.6
GARCIA,MCGRATH,43,46,99,37,44,53.8
MILLER,KAUFMAN,10,85,86,70,18,53.8
DAVIS,HOLDEN,33,85,69,4,43,46.8
RODRIGUEZ,KRAUSE,38,92,94,49,89,72.4
MARTINEZ,BAIRD,35,92,40,33,32,46.4
HERNANDEZ,RIGGS,3,0,76,19,39,27.4
LOPEZ,BRAUN,9,78,25,84,88,56.8
GONZALEZ,WERNER,9,26,20,81,35,34.2
WILSON,QUINONES,55,11,62,34,55,43.4
ANDERSON,SALDANA,9,56,47,22,79,42.6
THOMAS,MERCER,25,97,60,18,87,57.4
TAYLOR,HATFIELD,16,78,3,45,5,29.4
MOORE,MCNEIL,73,67,24,51,21,47.2
JACKSON,IRWIN,100,31,25,13,87,51.2
MARTIN,HOOPER,61,79,92,60,9,60.2
LEE,HAYS,73,35,85,69,65,65.4
PEREZ,JOYCE,12,8,44,90,77,46.2
THOMPSON,MCKNIGHT,40,34,2,86,69,46.2
WHITE,GAMBLE,11,97,78,92,21,59.8
HARRIS,DOWNS,14,20,21,70,74,39.8
SANCHEZ,PIERRE,33,76,16,11,23,31.8
CLARK,HANEY,96,14,48,10,36,40.8
RAMIREZ,FORBES,70,43,36,35,59,48.6
LEWIS,SAENZ,54,7,17,44,100,44.4
ROBINSON,DAVIES,50,60,1,94,40,49
WALKER,VERA,69,88,93,98,95,88.6
YOUNG,LEVINE,18,63,23,100,43,49.4
ALLEN,MOONEY,24,1,26,8,96,31
KING,JOHN,91,90,74,1,46,60.4
WRIGHT,ROSA,55,38,60,88,23,52.8
SCOTT,RIDDLE,66,90,65,67,8,59.2
TORRES,KEY,19,29,38,24,21,26.2
NGUYEN,CHO,49,92,33,36,15,45
HILL,KAISER,89,2,27,46,54,43.6
FLORES,HOLDER,3,55,57,87,2,40.8
GREEN,BIRD,63,92,77,5,53,58
ADAMS,BONNER,44,75,59,52,86,63.2
NELSON,FERRELL,15,36,67,37,89,48.8
BAKER,COTTON,38,66,63,72,44,56.6
HALL,DOTSON,71,56,38,78,77,64
RIVERA,MCGOWAN,71,70,0,16,46,40.6
CAMPBELL,BARLOW,43,100,26,99,43,62.2
MITCHELL,SHEA,4,27,5,18,62,23.2
CARTER,EWING,52,38,37,91,7,45
ROBERTS,BRIGHT,7,98,17,30,30,36.4
GOMEZ,BECERRA,34,43,6,67,62,42.4
PHILLIPS,LINDSAY,91,97,89,7,12,59.2
EVANS,RITTER,70,44,65,92,7,55.6
TURNER,COOLEY,17,53,35,99,81,57
DIAZ,FRITZ,50,31,87,65,31,52.8
PARKER,COOKE,0,95,46,24,76,48.2
CRUZ,DELANEY,98,18,78,50,74,63.6
EDWARDS,AMAYA,4,28,71,85,26,42.8
COLLINS,CHANEY,85,18,48,92,9,50.4
REYES,KIDD,37,50,46,97,57,57.4
STEWART,VELASCO,2,69,46,12,16,29
MORRIS,NGO,79,9,60,54,85,57.4
MORALES,CHENG,11,61,24,13,95,40.8
MURPHY,NEWELL,11,67,97,29,49,50.6
COOK,FREY,77,72,83,39,95,73.2
ROGERS,CARNEY,34,84,15,62,22,43.4
GUTIERREZ,BARRIOS,80,34,84,34,35,53.4
ORTIZ,BOLTON,85,57,20,80,53,59
MORGAN,HOLMAN,41,72,99,24,85,64.2
COOPER,TOVAR,100,60,41,42,60,60.6
PETERSON,CARDONA,43,7,79,70,17,43.2
BAILEY,DAILEY,36,98,28,11,50,44.6
REED,MERRILL,100,40,36,11,23,42
KELLY,COWAN,68,97,1,29,49,48.8
HOWARD,SLATER,87,72,62,63,72,71.2
RAMOS,ALBERT,64,94,55,15,10,47.6
KIM,JUSTICE,96,82,66,0,21,53
COX,OSBORN,86,39,18,26,84,50.6
WARD,CARVER,60,10,19,85,41,43
RICHARDSON,LANCASTER,66,27,3,97,24,43.4
WATSON,GOFF,17,42,14,0,40,22.6
BROOKS,ZAPATA,19,13,53,10,58,30.6
CHAVEZ,FULTON,20,67,70,30,65,50.4
WOOD,KANG,62,48,38,23,17,37.6
JAMES,SEARS,27,45,76,87,23,51.6
BENNETT,LEHMAN,85,98,10,84,24,60.2
GRAY,BYERS,52,65,87,83,86,74.6
MENDOZA,SNIDER,100,3,96,64,72,67
RUIZ,LAW,80,9,33,95,52,53.8
HUGHES,TAN,84,87,18,42,67,59.6
PRICE,LAKE,19,66,20,62,0,33.4
ALVAREZ,LUTZ,74,55,48,73,54,60.8
CASTILLO,COSTELLO,73,68,78,93,69,76.2
SANDERS,GAY,23,71,19,20,83,43.2
PATEL,GUTHRIE,41,40,93,44,29,49.4
MYERS,GALLARDO,57,100,23,22,5,41.4
LONG,WORKMAN,99,76,88,14,17,58.8
ROSS,MCFADDEN,38,75,62,68,63,61.2
FOSTER,BLANCO,51,38,47,45,24,41
JIMENEZ,GORMAN,59,60,61,4,9,38.6
POWELL,KATZ,26,97,93,15,50,56.2
JENKINS,KUHN,79,43,61,18,61,52.4
PERRY,NOEL,85,23,45,14,3,34
RUSSELL,VALLE,72,23,44,4,76,43.8
SULLIVAN,MARINO,0,92,27,31,58,41.6
BELL,HONG,26,81,76,37,36,51.2
COLEMAN,SPRINGER,99,75,41,61,73,69.8
BUTLER,PICKETT,30,15,92,0,4,28.2
HENDERSON,AGUILERA,95,0,94,38,53,56
BARNES,WITT,84,86,98,52,50,74
GONZALES,CARRASCO,54,23,73,32,40,44.4
FISHER,DONAHUE,62,2,79,46,28,43.4
VASQUEZ,KINNEY,77,4,90,29,55,51
SIMMONS,DONNELLY,88,66,97,79,39,73.8
ROMERO,BRITT,49,13,10,100,80,50.4
JORDAN,CRAFT,31,27,88,57,65,53.6
PATTERSON,ODELL,93,61,11,0,82,49.4
ALEXANDER,DALY,100,7,7,41,67,44.4
HAMILTON,WINTER,53,6,56,96,87,59.6
GRAHAM,ABRAHAM,79,66,36,21,22,44.8
REYNOLDS,BAEZ,94,41,75,64,84,71.6
GRIFFIN,RODRIGUES,68,11,31,32,55,39.4
WALLACE,WOOTEN,14,86,52,30,84,53.2
MORENO,HARTLEY,35,99,24,59,98,63
WEST,NG,88,0,44,93,35,52
COLE,KENDALL,46,22,84,18,51,44.2
HAYES,CLEVELAND,51,18,41,37,82,45.8
BRYANT,CROWLEY,20,88,52,50,96,61.2
HERRERA,PEARCE,22,48,2,92,37,40.2
GIBSON,DILLARD,52,42,14,2,19,25.8
ELLIS,WILDER,8,4,70,28,13,24.6
TRAN,LANGE,42,61,42,86,42,54.6
MEDINA,SHOEMAKER,52,9,89,13,19,36.4
AGUILAR,FLANAGAN,99,82,85,90,63,83.8
STEVENS,BRUNO,76,59,54,90,68,69.4
MURRAY,SEGURA,62,24,69,40,68,52.6
FORD,BEACH,80,54,63,12,90,59.8
CASTRO,CASTELLANOS,16,94,84,21,66,56.2
MARSHALL,TILLMAN,47,24,50,92,39,50.4
OWENS,ALFORD,16,38,10,38,95,39.4
HARRISON,FINCH,39,92,15,85,86,63.4
FERNANDEZ,MCLEOD,95,28,79,92,36,66
MCDONALD,MACKEY,73,4,20,25,38,32
WOODS,DODD,61,49,31,93,80,62.8
WASHINGTON,EMERSON,54,57,18,34,78,48.2
KENNEDY,MINOR,21,54,15,2,81,34.6
WELLS,MUNIZ,26,35,11,11,88,34.2
VARGAS,ALSTON,61,27,25,39,7,31.8
HENRY,MALONEY,78,18,53,95,76,64
CHEN,CHILDERS,43,10,95,56,75,55.8
FREEMAN,MCDERMOTT,26,42,70,87,45,54
WEBB,MOSER,79,94,61,6,89,65.8
TUCKER,VOGEL,63,37,98,61,26,57
GUZMAN,MCCABE,14,27,19,47,73,36
BURNS,DANG,3,4,56,77,97,47.4
CRAWFORD,ALONSO,42,14,21,91,59,45.4
OLSON,SAUCEDO,97,75,27,25,27,50.2
SIMPSON,STARR,82,88,9,45,71,59
PORTER,DO,28,70,24,40,61,44.6
HUNTER,HURTADO,15,6,15,72,21,25.8
GORDON,KIRKLAND,9,49,28,42,62,38
MENDEZ,HENDRICKSON,27,30,13,39,86,39
SILVA,HOLLEY,27,3,99,33,70,46.4
SHAW,CORDERO,2,44,41,6,42,27
SNYDER,FRANKS,44,73,98,17,58,58
MASON,GUILLEN,1,48,68,93,81,58.2
DIXON,WELSH,61,80,55,11,6,42.6
MUNOZ,RATLIFF,62,30,37,35,52,43.2
HUNT,SWEET,47,85,65,51,64,62.4
HICKS,TALLEY,19,59,46,35,47,41.2
HOLMES,WHITFIELD,30,5,45,80,48,41.6
PALMER,CROWE,79,69,61,75,42,65.2
WAGNER,GOLDSTEIN,71,34,11,71,53,48
BLACK,ENGLAND,60,26,20,84,65,51
ROBERTSON,PEREIRA,40,0,96,37,97,54
BOYD,LY,41,93,90,91,34,69.8
ROSE,JOYNER,25,61,99,72,14,54.2
STONE,RICHTER,35,74,72,72,70,64.6
SALAZAR,FARRIS,89,33,61,37,90,62
FOX,TRACY,5,95,13,23,27,32.6
WARREN,BACON,62,18,86,53,72,58.2
MILLS,HAN,14,13,36,10,36,21.8
MEYER,GIBBONS,46,63,12,35,61,43.4
RICE,MAYFIELD,88,4,20,88,54,50.8
SCHMIDT,HOANG,64,58,52,69,45,57.6
GARZA,ELDER,15,54,70,1,85,45
DANIELS,LAU,18,74,16,61,58,45.4
FERGUSON,DALE,23,93,30,26,91,52.6
NICHOLS,CAMP,26,41,1,27,97,38.4
STEPHENS,CONNOLLY,56,40,61,65,0,44.4
SOTO,HEWITT,88,37,18,78,75,59.2
WEAVER,CRAMER,43,97,77,73,18,61.6
RYAN,GOLDBERG,34,34,20,61,84,46.6
GARDNER,MORIN,26,88,100,9,97,64
PAYNE,SUTHERLAND,92,61,58,24,39,54.8
GRANT,KAPLAN,75,15,73,40,84,57.4
DUNN,MCALLISTER,24,64,74,28,56,49.2
KELLEY,BYRNE,11,5,19,18,73,25.2
SPENCER,OSORIO,12,46,17,91,35,40.2
HAWKINS,CASH,60,19,94,96,17,57.2
ARNOLD,HAINES,13,27,65,84,12,40.2
PIERCE,MEEKS,59,69,52,64,94,67.6
VAZQUEZ,WYNN,23,3,32,61,41,32
HANSEN,GILLIAM,56,84,99,1,30,54
PETERS,VIGIL,56,28,4,77,61,45.2
SANTOS,HICKEY,50,7,96,35,37,45
HART,CONNOR,26,83,22,81,45,51.4
BRADLEY,PATE,32,34,8,92,58,44.8
KNIGHT,ZEPEDA,37,5,32,67,82,44.6
ELLIOTT,HATCHER,70,48,22,99,11,50
CUNNINGHAM,ESCOBEDO,57,0,51,79,80,53.4
DUNCAN,ARREDONDO,48,3,9,33,59,30.4
ARMSTRONG,HYDE,57,46,45,27,37,42.4
HUDSON,CHRISTOPHER,3,74,0,86,77,48
CARROLL,MOBLEY,65,90,9,84,59,61.4
LANE,KESSLER,98,80,4,23,54,51.8
RILEY,BRITTON,92,49,13,86,13,50.6
ANDREWS,RITCHIE,53,10,0,59,59,36.2
ALVARADO,ROMANO,40,24,55,85,14,43.6
RAY,ONEIL,64,8,15,31,78,39.2
DELGADO,TYSON,71,54,78,62,9,54.8
BERRY,BUI,20,55,69,36,58,47.6
PERKINS,HILTON,90,28,76,38,22,50.8
HOFFMAN,CABALLERO,63,17,13,49,96,47.6
JOHNSTON,DOWNING,22,50,94,2,31,39.8
MATTHEWS,SHARPE,32,86,85,64,32,59.8
PENA,GUY,54,91,40,95,78,71.6
RICHARDS,HOLCOMB,30,12,78,7,4,26.2
CONTRERAS,RANKIN,77,85,20,18,67,53.4
WILLIS,GODFREY,32,1,13,12,30,17.6
CARPENTER,CHAMBERLAIN,96,60,74,40,4,54.8
LAWRENCE,FINK,64,77,30,100,82,70.6
SANDOVAL,HOLLIS,33,95,5,28,65,45.2
GUERRERO,FOREMAN,92,88,36,29,48,58.6
GEORGE,CARRANZA,85,63,59,74,89,74
CHAPMAN,SHARMA,67,44,16,85,87,59.8
RIOS,KERN,48,45,82,68,63,61.2
ESTRADA,CHU,13,57,54,55,84,52.6
ORTEGA,KNOWLES,6,31,91,59,100,57.4
WATKINS,MA,32,19,44,41,83,43.8
GREENE,MADISON,1,92,36,67,61,51.4
NUNEZ,CHILDS,89,84,73,24,93,72.6
WHEELER,BELCHER,44,83,4,100,68,59.8
VALDEZ,WILLS,66,95,29,15,35,48
HARPER,WOMACK,20,93,38,58,53,52.4
BURKE,DYE,11,12,100,22,24,33.8
LARSON,ARTHUR,53,33,82,58,85,62.2
SANTIAGO,GRACE,3,48,60,60,92,52.6
MALDONADO,BACA,98,13,85,75,77,69.6
MORRISON,RUTHERFORD,98,63,15,39,26,48.2
FRANKLIN,SORENSEN,23,59,78,100,88,69.6
CARLSON,MCCRAY,76,28,84,48,30,53.2
AUSTIN,HASTINGS,20,37,64,34,8,32.6
DOMINGUEZ,PIERSON,4,81,79,33,39,47.2
CARR,CHACON,10,17,70,46,61,40.8
LAWSON,RENTERIA,88,90,27,54,14,54.6
JACOBS,MOHAMED,55,96,11,85,88,67
OBRIEN,NICHOLAS,88,15,85,81,97,73.2
LYNCH,KENDRICK,31,87,91,73,40,64.4
SINGH,FERREIRA,45,71,95,7,32,50
VEGA,LOCKHART,65,62,18,12,3,32
BISHOP,BOGGS,100,91,45,95,77,81.6
MONTGOMERY,PRYOR,80,80,94,30,37,64.2
OLIVER,DOHERTY,32,53,15,64,80,48.8
JENSEN,SARGENT,53,71,32,1,28,37
HARVEY,KENNEY,16,44,53,26,39,35.6
WILLIAMSON,TUTTLE,20,28,43,68,0,31.8
GILBERT,DENTON,31,68,4,29,56,37.6
DEAN,MAGEE,56,16,7,52,37,33.6
SIMS,JAMISON,9,61,88,98,35,58.2
ESPINOZA,LYON,22,57,5,23,1,21.6
HOWELL,LOCKE,73,83,73,64,89,76.4
LI,PUCKETT,48,93,7,36,37,44.2
WONG,CORONADO,29,0,17,45,13,20.8
REID,OLVERA,54,35,75,26,67,51.4
HANSON,SYKES,81,79,60,3,9,46.4
LE,MANUEL,46,7,30,100,82,53
MCCOY,BURKS,93,74,42,46,11,53.2
GARRETT,CHIN,9,18,56,38,88,41.8
BURTON,QUIROZ,46,66,37,31,8,37.6
FULLER,HOPPER,71,69,73,89,70,74.4
WANG,MCGILL,57,71,21,42,58,49.8
WEBER,DOLAN,16,3,68,43,70,40
WELCH,MCKENNA,51,86,18,38,51,48.8
ROJAS,HEAD,9,44,90,5,28,35.2
LUCAS,MONTANO,42,2,35,94,10,36.6
MARQUEZ,PAREDES,74,56,68,7,43,49.6
FIELDS,DELATORRE,52,54,1,12,2,24.2
PARK,LANGLEY,8,23,90,17,22,32
YANG,SINCLAIR,92,4,17,58,2,34.6
LITTLE,DWYER,30,12,71,52,79,48.8
BANKS,SHIRLEY,27,89,84,85,43,65.6
PADILLA,MULLER,19,89,79,6,12,41
DAY,COURTNEY,70,30,96,99,76,74.2
WALSH,SLAUGHTER,62,56,40,8,81,49.4
BOWMAN,POLK,50,68,31,2,59,42
SCHULTZ,LEMUS,48,43,60,50,65,53.2
LUNA,COVINGTON,45,89,59,28,49,54
FOWLER,MADRIGAL,56,64,14,7,77,43.6
MEJIA,CLEMONS,94,76,3,97,31,60.2
DAVIDSON,ROSADO,19,20,85,0,8,26.4
ACOSTA,BROUSSARD,57,10,87,75,91,64
BREWER,MCGINNIS,16,6,50,99,89,52
MAY,HATCH,94,46,72,21,73,61.2
HOLLAND,SHEEHAN,48,48,28,16,52,38.4
JUAREZ,RUTLEDGE,33,87,48,30,38,47.2
NEWMAN,CORBIN,76,80,100,10,70,67.2
PEARSON,DEMPSEY,10,73,61,48,60,50.4
CURTIS,GARLAND,46,68,77,96,65,70.4
CORTEZ,CARMONA,68,31,89,71,52,62.2
DOUGLAS,BOWLING,6,64,56,6,41,34.6
SCHNEIDER,BURRIS,92,78,22,61,42,59
JOSEPH,WHITLEY,53,93,90,9,18,52.6
BARRETT,HAMM,79,21,50,93,75,63.6
NAVARRO,BLAND,82,87,37,77,55,67.6
FIGUEROA,BERMUDEZ,4,86,81,17,61,49.8
KELLER,STINSON,57,19,13,4,34,25.4
AVILA,PIKE,56,48,32,43,52,46.2
WADE,ORELLANA,51,76,98,44,52,64.2
MOLINA,DOWNEY,25,87,27,54,86,55.8
STANLEY,VARELA,35,66,7,61,66,47
HOPKINS,HARDEN,84,45,63,53,88,66.6
CAMPOS,COUCH,92,42,70,33,48,57
BARNETT,DICKINSON,40,71,46,20,99,55.2
BATES,CASSIDY,17,16,47,39,21,28
CHAMBERS,RUCKER,35,66,23,17,55,39.2
CALDWELL,GABRIEL,61,61,48,54,88,62.4
BECK,HERRON,82,97,51,74,10,62.8
LAMBERT,MCNAMARA,86,86,37,19,17,49
MIRANDA,ROUSE,93,89,87,16,82,73.4
BYRD,BURT,8,94,50,4,88,48.8
CRAIG,BATTLE,40,45,8,96,66,51
AYALA,GUSTAFSON,41,88,64,91,90,74.8
LOWE,HERBERT,42,97,88,95,69,78.2
FRAZIER,DUNBAR,75,45,0,3,75,39.6
POWERS,WEBBER,67,38,74,82,10,54.2
NEAL,BOYCE,50,81,70,7,97,61
LEONARD,DEWITT,88,87,54,55,29,62.6
GREGORY,ROSENBERG,74,81,30,33,93,62.2
CARRILLO,SIMMS,71,76,60,99,8,62.8
SUTTON,WOODRUFF,17,6,57,59,43,36.4
FLEMING,BRANDON,52,100,89,2,66,61.8
RHODES,ROMO,15,51,17,60,67,42
SHELTON,HUTCHINS,17,70,84,14,64,49.8
SCHWARTZ,KIRKPATRICK,97,40,8,79,69,58.6
NORRIS,CORBETT,7,45,83,91,100,65.2
JENNINGS,GRANADOS,55,40,65,15,17,38.4
WATTS,ROSSI,22,64,8,55,53,40.4
DURAN,GOSS,49,66,92,60,48,63
WALTERS,LOTT,13,66,31,69,65,48.8
COHEN,LEYVA,54,26,80,2,96,51.6
MCDANIEL,HINOJOSA,83,39,25,29,42,43.6
MORAN,GIL,93,34,31,11,42,42.2
PARKS,CRABTREE,32,53,14,13,13,25
STEELE,GRADY,37,27,85,82,56,57.4
VAUGHN,MCCLELLAN,17,42,2,94,26,36.2
BECKER,KUMAR,76,56,10,3,32,35.4
HOLT,FRASER,98,37,10,10,57,42.4
DELEON,RICO,38,4,80,72,67,52.2
BARKER,BINGHAM,5,83,47,16,53,40.8
TERRY,SORIANO,48,28,30,97,40,48.6
HALE,STERLING,32,48,51,54,36,44.2
LEON,FONSECA,88,29,65,84,80,69.2
HAIL,MADRID,7,0,22,9,69,21.4
BENSON,EMERY,1,25,100,31,46,40.6
HAYNES,SINGER,31,55,53,26,25,38
HORTON,ARAGON,52,15,36,31,0,26.8
MILES,AQUINO,84,52,80,53,3,54.4
LYONS,ELMORE,90,74,83,22,98,73.4
PHAM,WORLEY,51,82,69,63,21,57.2
GRAVES,SIMONS,57,58,31,84,47,55.4
BUSH,QUEZADA,30,42,46,11,36,33
THORNTON,OTT,49,48,52,90,66,61
WOLFE,OCAMPO,76,46,94,10,0,45.2
WARNER,AVILES,64,69,6,33,12,36.8
CABRERA,NIETO,55,68,66,24,47,52
MCKINNEY,ERVIN,83,35,53,85,24,56
MANN,GORE,16,99,4,98,87,60.8
ZIMMERMAN,SHAFER,51,82,9,18,72,46.4
DAWSON,WESTON,63,12,59,23,87,48.8
LARA,XU,46,46,46,43,43,44.8
FLETCHER,PLUMMER,100,72,18,85,75,70
PAGE,MICHEL,71,88,72,61,3,59
MCCARTHY,PAZ,79,67,23,77,53,59.8
LOVE,YANEZ,59,35,67,6,40,41.4
ROBLES,GREGG,85,3,3,14,2,21.4
CERVANTES,ABRAMS,3,25,84,47,54,42.6
SOLIS,SMART,89,41,1,43,36,42
ERICKSON,BEATTY,83,65,22,11,91,54.4
REEVES,SERNA,19,43,15,13,5,19
CHANG,MEIER,54,83,41,17,57,50.4
KLEIN,ROBISON,32,92,69,60,91,68.8
SALINAS,SWARTZ,22,50,36,68,74,50
FUENTES,SEYMOUR,53,65,41,75,85,63.8
BALDWIN,GLEASON,10,30,73,82,95,58
DANIEL,VELA,41,92,42,38,92,61
SIMON,PADGETT,91,5,78,6,11,38.2
VELASQUEZ,ACKERMAN,62,88,20,22,99,58.2
HARDY,HELLER,36,77,73,43,26,51
HIGGINS,ZIEGLER,16,97,9,4,87,42.6
AGUIRRE,VINSON,94,34,64,63,58,62.6
LIN,ELDRIDGE,29,14,35,91,99,53.6
CUMMINGS,PINA,59,61,93,80,53,69.2
CHANDLER,SCHUMACHER,58,23,9,52,97,47.8
SHARP,AKERS,89,44,0,40,48,44.2
BARBER,ROE,49,25,60,65,91,58
BOWEN,TOMLINSON,83,75,21,22,46,49.4
OCHOA,MAYES,27,69,52,84,15,49.4
DENNIS,ZHENG,23,36,58,21,6,28.8
ROBBINS,ALBRIGHT,65,10,83,100,42,60
LIU,BURGOS,14,2,36,92,36,36
RAMSEY,SWAIN,36,48,38,47,23,38.4
FRANCIS,MANLEY,53,79,59,87,3,56.2
GRIFFITH,HELTON,62,100,48,51,79,68
PAUL,SONG,75,8,4,55,14,31.2
BLAIR,QUICK,71,96,35,95,27,64.8
OCONNOR,LESLIE,50,14,30,69,33,39.2
CARDENAS,STERN,74,97,31,97,22,64.2
PACHECO,GIVENS,5,57,88,9,85,48.8
CROSS,TIPTON,64,8,66,56,87,56.2
CALDERON,COFFMAN,1,94,88,26,27,47.2
QUINN,GREENWOOD,18,32,9,67,6,26.4
MOSS,CURRAN,99,26,55,71,12,52.6
SWANSON,CHILDRESS,22,50,87,36,10,41
CHAN,FISH,8,16,84,34,37,35.8
RIVAS,ELKINS,14,15,27,42,55,30.6
KHAN,DALEY,90,96,13,42,5,49.2
RODGERS,LOWRY,6,1,86,66,66,45
SERRANO,ANGEL,21,50,32,36,37,35.2
FITZGERALD,SOLANO,50,17,81,67,12,45.4
ROSALES,DUONG,13,72,36,77,2,40
STEVENSON,EDMONDS,79,100,89,18,52,67.6
CHRISTENSEN,GOMES,25,87,29,11,50,40.4
MANNING,BUCKNER,93,89,80,82,8,70.4
GILL,WALDEN,46,71,89,53,53,62.4
CURRY,HUTCHISON,32,84,58,17,84,55
MCLAUGHLIN,GRIGGS,67,14,67,44,34,45.2
HARMON,NIX,17,53,63,14,85,46.4
MCGEE,CLIFTON,25,73,42,53,72,53
GROSS,THOMSON,22,11,26,17,7,16.6
DOYLE,YARBROUGH,1,93,38,18,78,45.6
GARNER,MCCAULEY,19,6,61,56,32,34.8
NEWTON,ELIAS,28,8,17,8,31,18.4
BURGESS,JACOB,41,58,27,90,70,57.2
REESE,MEREDITH,57,86,90,50,99,76.4
WALTON,MCELROY,78,24,76,24,56,51.6
BLAKE,GROVES,40,65,2,80,89,55.2
TRUJILLO,URIBE,65,64,78,85,17,61.8
ADKINS,HOSKINS,13,81,82,93,16,57
BRADY,BOWDEN,68,86,31,58,30,54.6
GOODMAN,TATUM,88,18,77,6,73,52.4
ROMAN,SCHAFER,32,23,25,52,48,36
WEBSTER,FIELD,1,60,95,7,84,49.4
GOODWIN,BUSTAMANTE,20,98,27,74,46,53
FISCHER,STOVER,90,59,92,16,25,56.4
HUANG,TEAGUE,33,86,18,8,55,40
POTTER,GUNTER,21,40,54,96,78,57.8
DELACRUZ,BURRELL,8,44,46,15,7,24
MONTOYA,FUNK,61,62,85,73,16,59.4
TODD,CROWDER,83,41,82,16,60,56.4
WU,SCHULZ,26,3,90,93,80,58.4
HINES,SANDERSON,31,87,68,86,25,59.4
MULLINS,CANALES,95,3,7,49,14,33.6
CASTANEDA,TOLBERT,73,30,76,42,17,47.6
MALONE,LUND,35,89,13,25,47,41.8
CANNON,BLUE,42,84,46,6,66,48.8
TATE,KAY,10,48,33,95,41,45.4
MACK,DRAPER,31,31,24,95,71,50.4
SHERMAN,SHAPIRO,62,95,11,82,70,64
HUBBARD,WHALEN,39,65,14,37,99,50.8
HODGES,NAVARRETE,90,31,55,42,13,46.2
ZHANG,GAMEZ,18,58,61,58,91,57.2
GUERRA,SWIFT,68,25,98,46,26,52.6
WOLF,INMAN,69,50,8,73,6,41.2
VALENCIA,CREWS,84,81,91,7,8,54.2
SAUNDERS,KURTZ,14,42,83,15,33,37.4
FRANCO,STROUD,88,96,82,74,40,76
ROWE,BLANTON,13,6,23,32,21,19
GALLAGHER,REECE,29,65,59,43,69,53
FARMER,LIANG,9,9,78,32,39,33.4
HAMMOND,FRANCISCO,29,22,93,45,60,49.8
HAMPTON,CROW,42,35,37,14,78,41.2
TOWNSEND,BLOOM,89,24,12,74,44,48.6
INGRAM,SUN,67,99,66,54,83,73.8
WISE,TOMPKINS,27,56,97,42,5,45.4
GALLEGOS,JUNG,22,8,71,31,37,33.8
CLARKE,NANCE,27,100,23,7,87,48.8
BARTON,ANAYA,50,75,73,2,22,44.4
SCHROEDER,MCKINLEY,33,0,57,96,16,40.4
MAXWELL,OLIVARES,41,50,69,29,66,51
WATERS,NEWSOME,43,21,32,51,18,33
LOGAN,THURMAN,55,74,69,92,45,67
CAMACHO,HELMS,70,90,43,29,7,47.8
STRICKLAND,METCALF,40,83,10,63,30,45.2
NORMAN,GOLDMAN,25,12,87,53,85,52.4
PERSON,SCHMITZ,97,99,3,61,91,70.2
COLON,CROUCH,82,16,22,55,38,42.6
PARSONS,MCMANUS,72,48,85,21,88,62.8
FRANK,AREVALO,4,14,8,9,15,10
HARRINGTON,HORNER,55,65,35,37,69,52.2
GLOVER,CONKLIN,95,43,59,39,42,55.6
OSBORNE,HOLBROOK,37,65,93,41,40,55.2
BUCHANAN,NEELY,39,68,71,27,93,59.6
CASEY,HOLLINGSWORTH,18,16,72,44,96,49.2
FLOYD,CLEMENT,5,45,90,23,80,48.6
PATTON,DEVINE,54,13,60,90,78,59
IBARRA,CROCKETT,57,39,81,36,72,57
BALL,BENAVIDES,38,93,27,51,79,57.6
TYLER,BULLARD,99,54,2,22,14,38.2
SUAREZ,LOUIS,92,92,86,40,65,75
BOWERS,STEINER,22,98,55,71,87,66.6
OROZCO,COATES,10,38,14,94,68,44.8
SALAS,DREW,47,31,85,64,99,65.2
COBB,BOWLES,81,83,37,58,40,59.8
GIBBS,PAYTON,26,65,72,91,86,68
ANDRADE,CHAPPELL,39,89,89,65,24,61.2
BAUER,AMOS,13,89,4,52,44,40.4
CONNER,HAGEN,81,26,56,89,51,60.6
MOODY,PHIPPS,98,19,80,87,44,65.6
ESCOBAR,SELF,63,71,25,45,22,45.2
MCGUIRE,LARKIN,68,47,64,1,37,43.4
LLOYD,POE,10,75,17,98,57,51.4
MUELLER,PRITCHARD,91,30,45,27,80,54.6
HARTMAN,MASTERS,16,0,4,19,22,12.2
FRENCH,GUNN,48,23,58,78,39,49.2
KRAMER,JEFFRIES,48,23,1,25,56,30.6
MCBRIDE,DOOLEY,2,4,73,84,69,46.4
POPE,PAGAN,59,74,14,17,61,45
LINDSEY,MCGHEE,76,38,91,11,18,46.8
VELAZQUEZ,POST,55,1,97,21,96,54
NORTON,MONTALVO,62,0,64,5,18,29.8
MCCORMICK,ZHOU,21,26,35,13,25,24
SPARKS,PRADO,71,88,45,49,69,64.4
FLYNN,HEARD,89,83,48,2,92,62.8
YATES,LORD,1,66,62,17,78,44.8
HOGAN,THAO,63,28,6,100,35,46.4
MARSH,CONNELLY,49,11,89,48,0,39.4
MACIAS,DRISCOLL,26,6,72,48,86,47.6
VILLANUEVA,DUBOIS,58,58,36,98,25,55
ZAMORA,FELDMAN,81,68,51,75,46,64.2
PRATT,COKER,42,15,79,91,93,64
STOKES,DICKEY,87,17,46,44,93,57.4
OWEN,POLLOCK,44,80,46,45,42,51.4
BALLARD,KIMBALL,73,96,52,25,28,54.8
LANG,RAINEY,0,78,91,97,19,57
BROCK,IVEY,90,57,5,74,18,48.8
VILLARREAL,GEE,4,23,61,15,21,24.8
CHARLES,BUTTS,89,58,66,7,7,45.4
DRAKE,MAHER,18,58,15,13,6,22
BARRERA,JEWELL,8,17,14,15,57,22.2
CAIN,BARRAGAN,73,74,53,16,12,45.6
PATRICK,MACHADO,26,73,10,0,40,29.8
PINEDA,RUBIN,52,89,45,83,23,58.4
BURNETT,REYNOSO,86,46,2,3,97,46.8
MERCADO,WESLEY,98,49,85,81,35,69.6
SANTANA,HIDALGO,21,85,66,75,34,56.2
SHEPHERD,CABRAL,57,13,35,43,87,47
BAUTISTA,SAMUEL,22,22,94,97,81,63.2
ALI,LACY,40,80,1,16,75,42.4
SHAFFER,GALLO,41,70,33,68,100,62.4
LAMB,EGAN,63,83,79,72,64,72.2
TREVINO,ALDRIDGE,43,53,19,2,34,30.2
MCKENZIE,SWENSON,55,6,47,12,82,40.4
HESS,SWAN,65,83,33,83,36,60
BEIL,STRATTON,86,98,44,100,88,83.2
OLSEN,HINKLE,65,83,60,18,66,58.4
COCHRAN,BUTCHER,75,51,24,54,68,54.4
MORTON,ORNELAS,47,96,58,67,51,63.8
NASH,FORREST,97,73,95,30,77,74.4
WILKINS,COLBERT,50,61,98,52,63,64.8
PETERSEN,ALEMAN,50,92,56,0,10,41.6
BRIGGS,RODRIQUEZ,77,42,3,34,9,33
SHAH,ARRINGTON,3,6,17,61,0,17.4
ROTH,GOINS,18,18,82,9,33,32
NICHOLSON,WHALEY,70,77,51,99,79,75.2
HOLLOWAY,ESPOSITO,70,98,84,82,38,74.4
LOZANO,NEFF,52,44,73,71,60,60
RANGEL,MEAD,5,18,77,23,87,42
FLOWERS,CASILLAS,23,77,89,32,43,52.8
HOOVER,LILLY,3,40,20,36,46,29
SHORT,BIGGS,90,4,16,8,44,32.4
ARIAS,YEAGER,50,41,72,88,93,68.8
MORA,GODWIN,60,6,66,37,88,51.4
VALENZUELA,SPRAGUE,6,83,74,26,20,41.8
BRYAN,ROSEN,11,78,42,83,9,44.6
MEYERS,QUINTANILLA,10,13,22,15,8,13.6
WEISS,OTTO,18,21,91,24,0,30.8
UNDERWOOD,BILLINGS,60,58,11,78,34,48.2
BASS,CONNELL,84,12,89,67,95,69.4
GREER,TEMPLE,58,41,44,48,92,56.6
SUMMERS,BOSWELL,70,21,3,38,5,27.4
HOUSTON,COLVIN,11,61,93,83,32,56
CARSON,KOENIG,81,32,45,74,15,49.4
MORROW,ERWIN,71,47,67,67,88,68
CLAYTON,TELLEZ,11,67,23,36,48,37
WHITAKER,NORWOOD,14,77,52,51,58,50.4
DECKER,MILLIGAN,10,0,37,92,89,45.6
YODER,AMES,10,38,63,44,1,31.2
COLLIER,PURCELL,74,16,50,95,68,60.6
ZUNIGA,LUDWIG,94,40,38,92,86,70
CAREY,SOUZA,33,81,14,95,22,49
WILCOX,HUGGINS,90,72,21,63,69,63
MELENDEZ,AMADOR,94,66,67,55,14,59.2
POOLE,DUNHAM,84,59,24,86,33,57.2
ROBERSON,GOODE,60,73,12,23,63,46.2
LARSEN,KAUFFMAN,34,93,15,72,18,46.4
CONLEY,PIPER,29,65,89,26,95,60.8
DAVENPORT,OLEARY,26,83,28,87,76,60
COPELAND,CUELLAR,17,88,79,84,90,71.6
MASSEY,STEWARD,15,97,73,48,25,51.6
LAM,WINN,39,44,47,23,15,33.6
HUFF,GARY,25,37,68,76,81,57.4
ROCHA,ZHAO,27,75,36,49,76,52.6
CAMERON,SEWELL,68,94,14,44,70,58
JEFFERSON,BROWNE,94,96,15,89,98,78.4
HOOD,RAMEY,6,78,40,8,88,44
MONROE,DAVISON,76,54,12,7,21,34
ANTHONY,CLIFFORD,10,30,46,36,74,39.2
PITTMAN,STAHL,89,67,29,43,49,55.4
HUYNH,YBARRA,88,89,33,64,3,55.4
RANDALL,SAMUELS,84,53,99,70,31,67.4
SINGLETON,DUKES,39,79,55,44,67,56.8
KIRK,SHERIDAN,76,8,93,59,85,64.2
COMBS,SNELL,4,87,73,87,24,55
MATHIS,VICKERS,84,27,12,95,39,51.4
CHRISTIAN,CARTWRIGHT,59,44,77,29,18,45.4
SKINNER,LINK,50,74,22,37,92,55
BRADFORD,BLACKMON,60,45,8,74,82,53.8
RICHARD,BUNCH,67,65,56,27,54,53.8
GALVAN,GRIMM,83,81,42,39,65,62
WALL,MEADE,9,35,53,54,67,43.6
BOONE,SILVER,7,64,5,55,83,42.8
KIRBY,OJEDA,72,55,52,92,9,56
WILKINSON,GEIGER,45,6,85,89,82,61.4
BRIDGES,DODGE,71,83,5,26,68,50.6
BRUCE,KRAFT,23,36,1,98,51,41.8
ATKINSON,LUJAN,10,69,26,68,32,41
VELEZ,BABCOCK,75,18,30,61,45,45.8
MEZA,HAND,18,85,3,4,45,31
ROY,WINKLER,34,41,4,30,90,39.8
VINCENT,PAINTER,22,26,13,52,31,28.8
YORK,REGAN,26,4,90,17,69,41.2
HODGE,BRAGG,66,80,47,99,13,61
VILLA,ENGEL,21,72,84,3,21,40.2
ABBOTT,VALADEZ,15,40,25,84,31,39
ALLISON,CARBAJAL,8,74,82,19,13,39.2
TAPIA,REDMOND,75,76,18,2,46,43.4
GATES,JARRETT,21,53,96,17,90,55.4
CHASE,BOLDEN,93,52,42,64,55,61.2
SOSA,WOLFF,35,23,30,98,56,48.4
SWEENEY,THORPE,81,14,81,36,64,55.2
FARRELL,HASSAN,73,67,68,72,13,58.6
WYATT,HADLEY,88,45,15,62,93,60.6
DALTON,HEALY,95,63,65,85,98,81.2
HORN,MCDONOUGH,83,60,29,60,0,46.4
BARRON,SHIN,25,80,41,44,77,53.4
PHELPS,GROVE,76,41,11,32,14,34.8
YU,BLOCK,58,71,4,10,52,39
DICKERSON,PEACOCK,80,71,13,80,33,55.4
HEATH,OHARA,28,34,92,98,19,54.2
FOLEY,HAMMER,94,93,1,31,48,53.4
ATKINS,FELICIANO,89,42,92,59,14,59.2
MATHEWS,WINSTON,7,22,37,58,92,43.2
BONILLA,BETANCOURT,24,93,10,58,84,53.8
ACEVEDO,BEAVER,79,21,67,72,17,51.2
BENITEZ,GODINEZ,25,55,90,57,43,54
ZAVALA,KILGORE,29,33,41,39,81,44.6
HENSLEY,MCGRAW,24,48,25,33,97,45.4
GLENN,DAHL,2,25,76,36,0,27.8
CISNEROS,DIAMOND,44,5,92,86,78,61
HARRELL,PIMENTEL,41,71,73,27,24,47.2
SHIELDS,CORNELL,69,17,25,20,94,45
RUBIO,ARREOLA,87,43,45,36,49,52
HUFFMAN,SIEGEL,14,74,91,89,95,72.6
CHOI,HANKINS,8,22,80,69,69,49.6
BOYER,RAINES,4,22,81,3,62,34.4
GARRISON,THACKER,21,10,51,81,78,48.2
ARROYO,SADLER,11,9,13,70,58,32.2
BOND,SOTELO,89,60,8,41,37,47
KANE,DUGAN,34,22,37,99,14,41.2
HANCOCK,COTE,17,25,97,28,12,35.8
CALLAHAN,BOWER,82,11,0,64,8,33
DILLON,MINER,57,24,0,59,90,46
CLINE,BRANTLEY,61,75,88,54,94,74.4
WIGGINS,SHEETS,91,99,59,78,95,84.4
GRIMES,SHERWOOD,59,91,91,38,2,56.2
ARELLANO,PINTO,30,60,45,56,36,45.4
MELTON,DOSS,40,45,77,96,84,68.4
ONEILL,STILES,59,27,8,66,56,43.2
SAVAGE,WILLARD,10,50,56,83,8,41.4
HO,WADDELL,55,30,85,58,83,62.2
BELTRAN,STANFORD,8,57,85,63,62,55
PITTS,LATHAM,45,54,12,93,5,41.8
PARRISH,ZHU,38,32,75,80,80,61
PONCE,IRVIN,16,51,94,29,25,43
RICH,MATOS,72,12,20,60,83,49.4
BOOTH,GAGNON,38,8,67,18,88,43.8
KOCH,CARLTON,52,95,80,84,88,79.8
GOLDEN,TIDWELL,82,40,18,59,80,55.8
WARE,LOVELL,17,82,32,34,8,34.6
BRENNAN,HOYT,33,82,5,34,21,35
MCDOWELL,SPIVEY,20,4,25,89,52,38
MARKS,JEAN,95,80,83,51,34,68.6
CANTU,LAND,15,57,96,75,26,53.8
HUMPHREY,PATINO,85,69,89,86,35,72.8
BAXTER,MARRERO,82,90,6,0,54,46.4
SAWYER,HAGER,16,68,51,64,74,54.6
CLAY,HURT,46,52,70,23,94,57
TANNER,ASH,3,36,97,58,51,49
HUTCHINSON,HAGAN,88,16,41,4,85,46.8
KAUR,BRITO,12,42,50,86,59,49.8
BERG,LANIER,81,61,27,94,31,58.8
WILEY,ZARATE,74,66,14,56,53,52.6
GILMORE,MAJOR,4,9,49,94,50,41.2
RUSSO,ESCAMILLA,41,72,81,53,16,52.6
VILLEGAS,OTERO,54,20,41,32,94,48.2
HOBBS,HENLEY,52,51,57,69,84,62.6
KEITH,DICK,49,49,65,56,34,50.6
WILKERSON,VOSS,53,99,47,59,33,58.2
AHMED,GREENBERG,60,91,4,9,67,46.2
BEARD,FINN,14,12,18,58,14,23.2
MCCLAIN,VENEGAS,14,9,58,43,18,28.4
MONTES,MCNEAL,1,34,92,26,5,31.6
MATA,METZGER,0,38,17,96,14,33
ROSARIO,COULTER,69,49,56,23,22,43.8
VANG,BEAL,85,94,17,98,49,68.6
WALTER,CRUMP,31,86,51,84,2,50.8
HENSON,JORGENSEN,77,34,98,27,67,60.6
ONEAL,MAURER,32,26,66,11,69,40.8
MOSLEY,KEARNEY,35,55,75,17,29,42.2
MCCLURE,CUMMINS,80,58,35,97,99,73.8
BEASLEY,FERRIS,50,88,92,33,67,66
STEPHENSON,MILTON,96,9,52,11,50,43.6
SNOW,TIMMONS,4,95,39,74,47,51.8
HUERTA,PALMA,94,55,56,63,12,56
PRESTON,ESCALANTE,30,18,45,16,80,37.8
VANCE,CAHILL,47,18,96,78,0,47.8
BARRY,SCHAFFER,86,52,45,91,23,59.4
JOHNS,GUIDRY,59,77,11,33,74,50.8
EATON,YEE,64,72,88,96,36,71.2
BLACKWELL,KRUSE,76,81,21,22,86,57.2
DYER,MCMULLEN,58,34,43,22,14,34.2
PRINCE,HURD,9,80,33,6,98,45.2
MACDONALD,CASTLE,39,67,40,43,85,54.8
SOLOMON,VALDES,32,29,66,32,24,36.6
GUEVARA,MCWILLIAMS,82,93,33,35,28,54.2
STAFFORD,LEUNG,35,4,5,7,22,14.6
ENGLISH,HOLLIDAY,82,22,98,2,39,48.6
HURST,HOUSER,88,42,10,12,98,50
WOODARD,BASSETT,44,63,9,96,10,44.4
CORTES,THOMASON,91,52,82,87,4,63.2
SHANNON,SAPP,91,26,57,17,22,42.6
KEMP,TRIPP,41,71,92,93,22,63.8
NOLAN,GALVEZ,21,23,84,98,38,52.8
MCCULLOUGH,EUBANKS,85,55,7,7,47,40.2
MERRITT,HILLIARD,67,40,60,61,11,47.8
MURILLO,CROCKER,2,56,77,28,10,34.6
MOON,CARUSO,74,75,6,17,25,39.4
SALGADO,ALONZO,47,69,84,10,34,48.8
STRONG,BARNARD,80,97,77,63,14,66.2
KLINE,DEAL,31,88,28,39,14,40
CORDOVA,METZ,57,43,6,61,18,37
BARAJAS,CARLISLE,4,1,98,92,58,50.6
ROACH,HARGROVE,80,82,15,1,25,40.6
ROSAS,KEENAN,9,53,89,44,97,58.4
WINTERS,NORTH,17,25,37,58,14,30.2
JACOBSON,DASILVA,61,66,42,81,77,65.4
LESTER,LEDESMA,58,52,23,83,38,50.8
KNOX,MESSER,76,49,32,54,11,44.4
BULLOCK,WESTBROOK,80,28,96,78,45,65.4
KERR,ROOT,6,24,94,56,28,41.6
LEACH,HACKETT,40,52,0,78,43,42.6
MEADOWS,POSEY,57,47,43,37,50,46.8
ORR,FOUNTAIN,17,32,68,51,1,33.8
DAVILA,CORNELIUS,86,74,59,12,64,59
WHITEHEAD,BENOIT,50,57,23,15,59,40.8
PRUITT,BARNHART,54,55,51,86,1,49.4
KENT,RENDON,21,64,95,77,39,59.2
CONWAY,HANNAH,24,42,90,43,65,52.8
MCKEE,PEDERSEN,99,58,34,53,29,54.6
BARR,STUBBS,22,90,24,79,32,49.4
DAVID,STARKS,78,81,71,8,39,55.4
DEJESUS,SIZEMORE,33,52,81,95,22,56.6
MARIN,EPPS,60,1,30,98,100,57.8
BERGER,OLIVAS,86,77,26,88,8,57
MCINTYRE,BERGERON,91,54,99,51,96,78.2
BLANKENSHIP,ROPER,70,95,91,16,56,65.6
GAINES,HIGHTOWER,25,34,89,95,15,51.6
PALACIOS,PAIGE,37,0,38,18,22,23
CUEVAS,URBAN,67,84,22,30,77,56
BARTLETT,BOUCHER,20,52,44,8,87,42.2
DURHAM,FONTENOT,44,79,12,100,89,64.8
DORSEY,WASHBURN,97,20,24,59,29,45.8
MCCALL,FARR,99,38,25,65,96,64.6
ODONNELL,MELVIN,23,16,63,1,43,29.2
STEIN,CULLEN,89,97,86,20,10,60.4
BROWNING,HU,79,27,22,11,68,41.4
STOUT,MCCOLLUM,33,37,47,93,62,54.4
LOWERY,BETTS,27,35,54,11,76,40.6
SLOAN,COYLE,77,31,55,47,83,58.6
MCLEAN,TROTTER,56,91,45,26,36,50.8
HENDRICKS,WILHELM,53,33,96,31,25,47.6
CALHOUN,BLOUNT,74,70,31,91,74,68
SEXTON,MURDOCK,40,72,76,89,80,71.4
CHUNG,STREET,38,98,71,6,23,47.2
GENTRY,LOCKWOOD,94,11,4,71,67,49.4
HULL,HINSON,12,91,43,34,35,43
DUARTE,RUDOLPH,75,45,42,50,78,58
ELLISON,WAITERS,97,90,93,75,76,86.2
NIELSEN,SEPULVEDA,98,50,29,7,88,54.4
GILLESPIE,DUVALL,70,60,75,3,71,55.8
BUCK,SMILEY,32,49,68,52,16,43.4
MIDDLETON,CASAS,24,67,50,77,48,53.2
SELLERS,DOAN,22,72,61,94,16,53
LEBLANC,MCQUEEN,63,67,54,15,59,51.6
ESPARZA,LANGSTON,22,35,92,55,96,60
HARDIN,SHEFFIELD,31,16,97,9,1,30.8
BRADSHAW,TACKETT,29,67,52,91,56,59
MCINTOSH,LOCKLEAR,17,6,10,29,88,30
HOWE,LINARES,15,4,18,75,58,34
LIVINGSTON,POLANCO,18,23,22,45,75,36.6
FROST,MARROQUIN,75,72,54,90,43,66.8
GLASS,CONNORS,3,82,70,10,59,44.8
MORSE,TRENT,59,62,25,14,24,36.8
KNAPP,CARMICHAEL,21,21,8,18,33,20.2
HERMAN,TOTH,8,23,25,67,30,30.6
STARK,RUSHING,42,17,38,10,85,38.4
BRAVO,CODY,33,96,82,44,37,58.4
NOBLE,GAMBOA,85,15,24,31,89,48.8
SPEARS,BREWSTER,71,91,10,27,94,58.6
WEEKS,SHIPLEY,36,18,0,73,30,31.4
CORONA,MENA,86,4,54,14,5,32.6
FREDERICK,PRIETO,74,16,35,42,60,45.4
BUCKLEY,GIFFORD,53,0,61,13,11,27.6
MCFARLAND,OLIVA,60,89,4,68,50,54.2
HEBERT,LAYTON,78,14,22,28,13,31
ENRIQUEZ,GASTON,7,26,55,8,95,38.2
HICKMAN,GOODRICH,41,84,92,60,43,64
QUINTERO,PRATER,77,74,48,83,98,76
RANDOLPH,BURGER,87,48,32,51,52,54
SCHAEFER,TOLEDO,38,75,64,58,52,57.4
WALLS,LOVETT,80,49,60,26,38,50.6
TREJO,GIPSON,78,100,59,33,2,54.4
HOUSE,ARCE,63,93,84,50,14,60.8
REILLY,WISEMAN,14,33,46,91,37,44.2
PENNINGTON,DOBSON,85,40,9,19,49,40.4
MICHAEL,LEDBETTER,55,26,58,38,24,40.2
CONRAD,ARTEAGA,27,33,38,49,73,44
GILES,PENN,13,61,92,39,87,58.4
BENJAMIN,JIANG,14,42,20,11,86,34.6
CROSBY,WHITMAN,22,6,30,11,68,27.4
FITZPATRICK,BURKETT,6,11,13,88,45,32.6
DONOVAN,KOEHLER,26,27,76,47,81,51.4
MAYS,CHRISTIANSEN,63,86,20,79,59,61.4
MAHONEY,SHELDON,8,77,47,100,50,56.4
VALENTINE,PRITCHETT,20,15,14,38,88,35
RAYMOND,PAULSON,48,69,21,86,21,49
MEDRANO,EDDY,3,50,0,75,45,34.6
HAHN,ROCK,80,42,7,29,36,38.8
MCMILLAN,ROLAND,98,30,24,29,83,52.8
SMALL,ARANDA,66,2,74,94,44,56
BENTLEY,MCCRACKEN,89,7,73,50,8,45.4
FELIX,HYATT,37,1,58,41,38,35
PECK,HANLEY,1,68,66,86,35,51.2
LUCERO,ARRIAGA,96,58,39,93,29,63
BOYLE,ENGLE,30,33,51,35,100,49.8
HANNA,STORY,18,2,33,67,71,38.2
PACE,VALENTIN,98,14,72,16,36,47.2
RUSH,YOST,68,40,7,2,46,32.6
HURLEY,LANGFORD,43,90,27,57,46,52.6
HARDING,HERNDON,75,37,47,75,92,65.2
MCCONNELL,NAPIER,77,44,89,91,96,79.4
BERNAL,LAI,91,55,95,61,100,80.4
NAVA,REEDER,60,65,13,23,10,34.2
AYERS,MCNEILL,78,42,82,6,65,54.6
EVERETT,LEVIN,15,0,11,76,12,22.8
VENTURA,LANDERS,3,4,36,16,100,31.8
AVERY,MIMS,68,65,84,89,88,78.8
PUGH,BRAND,2,78,63,24,94,52.2
MAYER,DELOSSANTOS,14,11,56,3,50,26.8
BENDER,VALLEJO,11,3,70,4,46,26.8
SHEPARD,LIMA,49,89,18,79,39,54.8
MCMAHON,CRONIN,44,42,59,84,39,53.6
LANDRY,MUHAMMAD,96,24,24,21,8,34.6
CASE,FITCH,73,91,6,37,99,61.2
SAMPSON,GUPTA,13,0,8,57,94,34.4
MOSES,OLIVEIRA,73,49,68,84,3,55.4
MAGANA,MCCAIN,76,90,76,70,76,77.6
BLACKBURN,MEDEIROS,74,2,56,90,82,60.8
DUNLAP,KRAUS,83,83,2,69,35,54.4
GOULD,STACY,23,43,11,8,52,27.4
DUFFY,PETTIT,13,89,24,56,80,52.4
VAUGHAN,BATEMAN,76,32,58,80,48,58.8
HERRING,PULIDO,34,73,76,62,98,68.6
MCKAY,ROCHE,31,19,53,77,56,47.2
ESPINOSA,TOBIN,86,60,91,53,26,63.2
RIVERS,ZARAGOZA,34,35,21,54,82,45.2
FARLEY,ISAAC,32,63,6,45,66,42.4
BERNARD,SPAULDING,81,27,32,79,53,54.4
ASHLEY,KEYS,61,48,82,63,58,62.4
FRIEDMAN,SYLVESTER,29,74,8,66,43,44
POTTS,NOWAK,81,95,45,25,30,55.2
TRUONG,WEIR,61,99,24,57,28,53.8
COSTA,DARLING,24,36,64,5,45,34.8
CORREA,BARRIENTOS,8,48,77,11,90,46.8
BLEVINS,OGDEN,94,64,52,47,45,60.4
NIXON,MCCLENDON,100,81,99,17,70,73.4
CLEMENTS,ARAUJO,87,68,63,73,36,65.4
FRY,SUMNER,55,2,4,24,68,30.6
DELAROSA,SAAVEDRA,62,65,6,23,12,33.6
BEST,GILLIS,68,85,88,75,22,67.6
BENTON,LANDIS,2,41,71,63,36,42.6
LUGO,CAUDILL,59,92,69,47,54,64.2
PORTILLO,JACOBSEN,89,37,83,58,4,54.2
DOUGHERTY,OVERTON,62,54,16,54,40,45.2
CRANE,DIEHL,12,79,38,61,88,55.6
HALEY,ALARCON,2,53,10,60,52,35.4
PHAN,HEDRICK,34,60,40,10,46,38
VILLALOBOS,TONEY,10,15,100,72,30,45.4
BLANCHARD,CHEUNG,6,29,70,48,74,45.4
HORNE,DARBY,27,91,59,32,54,52.6
FINLEY,THORNE,93,1,70,90,84,67.6
QUINTANA,MANSFIELD,38,85,68,33,78,60.4
LYNN,KYLE,63,34,40,92,14,48.6
ESQUIVEL,DIETZ,5,97,16,22,43,36.6
BEAN,SMALLWOOD,7,22,74,98,25,45.2
DODSON,ADAIR,7,71,25,34,31,33.6
MULLEN,GOLD,25,66,34,82,76,56.6
XIONG,LAIRD,18,14,15,27,43,23.4
HAYDEN,LACEY,57,16,78,51,90,58.4
CANO,CHRISTIE,36,6,79,6,27,30.8
LEVY,PACK,35,71,76,68,20,54
HUBER,VIDAL,17,60,10,4,92,36.6
RICHMOND,KISER,100,46,19,69,13,49.4
MOYER,PEOPLES,49,33,9,95,10,39.2
LIM,WAITE,24,93,22,5,58,40.4
FRYE,BEYER,68,32,57,54,37,49.6
SHEPPARD,DESAI,2,15,86,50,65,43.6
MCCARTY,BANUELOS,43,29,70,4,0,29.2
AVALOS,SPANGLER,48,51,32,67,99,59.4
BOOKER,MONDRAGON,9,97,69,50,98,64.6
WALLER,FAIR,8,41,9,83,59,40
PARRA,RIZZO,15,26,78,3,46,33.6
WOODWARD,SANDS,56,76,4,42,76,50.8
JARAMILLO,QUEEN,78,95,97,1,74,69
KRUEGER,LEDFORD,52,95,8,57,19,46.2
RASMUSSEN,ALLRED,93,11,59,14,4,36.2
BRANDT,BLEDSOE,21,96,5,39,75,47.2
PERALTA,RHOADES,81,82,79,10,65,63.4
DONALDSON,RICKS,93,88,79,59,65,76.8
STUART,SPICER,17,57,44,51,22,38.2
FAULKNER,ORDONEZ,8,11,76,87,0,36.4
MAYNARD,CHAVARRIA,45,68,56,60,100,65.8
GALINDO,BRYSON,46,57,58,68,60,57.8
COFFEY,HUTTON,29,85,0,74,64,50.4
ESTES,DOBBS,24,43,0,71,13,30.2
SANFORD,LAY,31,93,48,54,4,46
BURCH,ABEL,64,33,57,7,36,39.4
MADDOX,KEEN,80,59,3,18,46,41.2
VO,WOODY,42,31,71,21,9,34.8
OCONNELL,LUKE,30,78,27,9,99,48.6
VU,MCHUGH,89,67,39,36,65,59.2
ANDERSEN,NEGRON,58,14,80,56,84,58.4
SPENCE,COPE,68,72,23,54,95,62.4
MCPHERSON,TRIPLETT,93,21,58,93,21,57.2
CHURCH,HATHAWAY,80,98,26,91,16,62.2
SCHMITT,SALCEDO,44,47,38,5,75,41.8
STANTON,PRESLEY,75,19,41,25,91,50.2
LEAL,ERNST,26,5,57,71,94,50.6
CHERRY,HAYWOOD,53,35,34,99,44,53
COMPTON,PUTNAM,46,78,100,85,17,65.2
DUDLEY,NAJERA,85,54,27,2,13,36.2
SIERRA,STAPLETON,5,50,95,89,29,53.6
POLLARD,BATISTA,66,22,78,30,59,51
ALFARO,WILKES,89,81,69,26,29,58.8
HESTER,LOPES,99,61,23,96,94,74.6
PROCTOR,RICHEY,43,85,8,1,58,39
LU,OH,68,0,18,22,63,34.2
HINTON,KEYES,0,94,40,95,88,63.4
NOVAK,DILL,75,10,31,29,15,32
GOOD,HUMPHRIES,42,41,22,97,73,55
MADDEN,YOUNGBLOOD,23,3,65,68,22,36.2
MCCANN,CAPPS,70,31,4,35,77,43.4
TERRELL,CATES,50,12,71,52,51,47.2
JARVIS,COVARRUBIAS,86,70,49,18,70,58.6
DICKSON,ADDISON,75,64,18,10,34,40.2
REYNA,HA,87,80,78,34,28,61.4
CANTRELL,MCRAE,3,59,70,36,28,39.2
MAYO,CAO,6,31,43,52,84,43.2
BRANCH,DICKENS,83,4,12,13,12,24.8
HENDRIX,JUDD,26,38,11,88,82,49
ROLLINS,BARBOSA,54,13,32,97,71,53.4
ROWLAND,HAWLEY,17,82,42,85,93,63.8
WHITNEY,RAHMAN,72,84,64,49,18,57.4
DUKE,CRENSHAW,77,36,71,26,4,42.8
ODOM,LACKEY,40,64,82,78,63,65.4
DAUGHERTY,VARNER,26,7,26,51,48,31.6
TRAVIS,STALEY,56,29,51,43,11,38
TANG,KOWALSKI,62,93,79,31,55,64
ARCHER,KINCAID,53,58,85,60,80,67.2
HAAS,SMITH,54,35,65,39,29,44.4
GALLOWAY,JOHNSON,85,63,69,42,73,66.4
BRAY,WILLIAMS,94,91,10,10,99,60.8
NIEVES,BROWN,100,98,66,89,55,81.6
PETTY,JONES,34,31,69,65,6,41
MCGRATH,GARCIA,8,89,84,29,17,45.4
KAUFMAN,MILLER,40,65,15,6,33,31.8
HOLDEN,DAVIS,34,33,60,26,85,47.6
KRAUSE,RODRIGUEZ,7,56,25,7,17,22.4
BAIRD,MARTINEZ,9,30,81,3,82,41
RIGGS,HERNANDEZ,71,34,51,5,9,34
BRAUN,LOPEZ,17,33,41,25,21,27.4
WERNER,GONZALEZ,10,50,86,64,44,50.8
QUINONES,WILSON,5,30,15,26,59,27
SALDANA,ANDERSON,71,57,69,22,49,53.6
MERCER,THOMAS,15,55,60,79,55,52.8
HATFIELD,TAYLOR,57,96,28,52,23,51.2
MCNEIL,MOORE,63,59,15,79,51,53.4
IRWIN,JACKSON,22,38,20,5,55,28
HOOPER,MARTIN,51,49,53,5,66,44.8
HAYS,LEE,41,7,19,75,64,41.2
JOYCE,PEREZ,94,11,18,29,14,33.2
MCKNIGHT,THOMPSON,41,85,28,63,39,51.2
GAMBLE,WHITE,94,29,43,3,39,41.6
DOWNS,HARRIS,86,34,3,55,32,42
PIERRE,SANCHEZ,36,40,15,70,64,45
HANEY,CLARK,26,38,87,11,6,33.6
FORBES,RAMIREZ,25,0,41,36,84,37.2
SAENZ,LEWIS,84,63,17,75,45,56.8
DAVIES,ROBINSON,36,86,89,51,88,70
VERA,WALKER,2,39,31,59,92,44.6
LEVINE,YOUNG,14,94,13,68,59,49.6
MOONEY,ALLEN,50,97,42,66,57,62.4
JOHN,KING,41,45,6,16,61,33.8
ROSA,WRIGHT,23,79,78,23,26,45.8
RIDDLE,SCOTT,23,53,25,27,0,25.6
KEY,TORRES,28,62,100,91,94,75
CHO,NGUYEN,52,92,56,9,33,48.4
KAISER,HILL,100,11,84,12,97,60.8
HOLDER,FLORES,28,43,75,83,58,57.4
BIRD,GREEN,44,21,18,12,6,20.2
BONNER,ADAMS,32,83,30,42,50,47.4
FERRELL,NELSON,95,26,40,52,85,59.6
COTTON,BAKER,32,30,93,91,7,50.6
DOTSON,HALL,18,30,77,70,10,41
MCGOWAN,RIVERA,22,6,97,89,82,59.2
BARLOW,CAMPBELL,75,66,43,36,30,50
SHEA,MITCHELL,89,17,98,11,14,45.8
EWING,CARTER,53,44,29,32,96,50.8
BRIGHT,ROBERTS,62,38,64,87,99,70
BECERRA,GOMEZ,31,7,3,17,87,29
LINDSAY,PHILLIPS,9,67,88,7,74,49
RITTER,EVANS,54,41,18,67,85,53
COOLEY,TURNER,42,93,87,90,65,75.4
FRITZ,DIAZ,21,96,82,20,87,61.2
COOKE,PARKER,91,20,3,80,90,56.8
DELANEY,CRUZ,8,53,77,79,68,57
AMAYA,EDWARDS,16,43,66,15,13,30.6
CHANEY,COLLINS,60,61,10,89,34,50.8
KIDD,REYES,78,95,50,87,81,78.2
VELASCO,STEWART,21,7,17,77,70,38.4
NGO,MORRIS,27,46,39,80,75,53.4
CHENG,MORALES,19,90,90,79,11,57.8
NEWELL,MURPHY,32,97,100,42,80,70.2
FREY,COOK,93,5,19,23,48,37.6
CARNEY,ROGERS,6,37,96,48,32,43.8
BARRIOS,GUTIERREZ,25,5,40,41,42,30.6
BOLTON,ORTIZ,90,66,99,72,20,69.4
HOLMAN,MORGAN,100,20,83,39,24,53.2
TOVAR,COOPER,82,98,64,18,83,69
CARDONA,PETERSON,64,89,16,45,76,58
DAILEY,BAILEY,94,66,56,28,56,60
MERRILL,REED,19,7,20,83,17,29.2
COWAN,KELLY,84,51,54,70,98,71.4
SLATER,HOWARD,60,94,16,20,67,51.4
ALBERT,RAMOS,84,41,31,63,26,49
JUSTICE,KIM,20,11,70,59,45,41
OSBORN,COX,77,81,93,57,18,65.2
CARVER,WARD,45,67,54,87,72,65
LANCASTER,RICHARDSON,24,85,50,84,14,51.4
GOFF,WATSON,29,1,20,48,84,36.4
ZAPATA,BROOKS,3,73,16,30,6,25.6
FULTON,CHAVEZ,32,14,37,22,23,25.6
KANG,WOOD,87,25,20,54,72,51.6
SEARS,JAMES,1,42,4,85,87,43.8
LEHMAN,BENNETT,47,10,73,96,85,62.2
BYERS,GRAY,59,53,69,97,36,62.8
SNIDER,MENDOZA,38,71,59,3,25,39.2
LAW,RUIZ,11,8,35,68,4,25.2
TAN,HUGHES,92,22,42,38,19,42.6
LAKE,PRICE,60,54,4,17,70,41
LUTZ,ALVAREZ,61,97,61,72,22,62.6
COSTELLO,CASTILLO,2,15,86,6,24,26.6
GAY,SANDERS,17,52,9,48,45,34.2
GUTHRIE,PATEL,14,27,80,100,74,59
GALLARDO,MYERS,44,56,82,3,28,42.6
WORKMAN,LONG,28,15,54,18,51,33.2
MCFADDEN,ROSS,86,37,75,44,76,63.6
BLANCO,FOSTER,44,88,17,43,86,55.6
GORMAN,JIMENEZ,18,22,55,41,44,36
KATZ,POWELL,10,62,73,99,51,59
KUHN,JENKINS,18,22,53,72,81,49.2
NOEL,PERRY,89,96,19,84,61,69.8
VALLE,RUSSELL,40,92,16,83,58,57.8
MARINO,SULLIVAN,5,62,49,56,34,41.2
HONG,BELL,46,30,95,99,9,55.8
SPRINGER,COLEMAN,100,48,10,60,47,53
PICKETT,BUTLER,16,75,51,98,22,52.4
AGUILERA,HENDERSON,81,63,40,86,37,61.4
WITT,BARNES,76,95,78,19,43,62.2
CARRASCO,GONZALES,27,22,85,9,45,37.6
DONAHUE,FISHER,74,13,6,76,44,42.6
KINNEY,VASQUEZ,50,63,32,77,56,55.6
DONNELLY,SIMMONS,17,10,82,21,61,38.2
BRITT,ROMERO,74,21,49,28,96,53.6
CRAFT,JORDAN,97,98,65,57,18,67
ODELL,PATTERSON,61,76,35,17,53,48.4
DALY,ALEXANDER,56,95,7,19,52,45.8
WINTER,HAMILTON,13,79,88,53,17,50
ABRAHAM,GRAHAM,91,10,47,65,73,57.2
BAEZ,REYNOLDS,94,9,35,21,2,32.2
RODRIGUES,GRIFFIN,46,95,34,55,0,46
WOOTEN,WALLACE,22,3,35,23,90,34.6
HARTLEY,MORENO,8,14,4,45,50,24.2
NG,WEST,50,82,75,83,21,62.2
KENDALL,COLE,47,8,52,79,73,51.8
CLEVELAND,HAYES,37,23,60,54,78,50.4
CROWLEY,BRYANT,47,10,82,38,14,38.2
PEARCE,HERRERA,36,51,97,12,38,46.8
DILLARD,GIBSON,59,87,98,23,25,58.4
WILDER,ELLIS,57,85,90,79,31,68.4
LANGE,TRAN,81,68,95,0,21,53
SHOEMAKER,MEDINA,51,28,69,93,51,58.4
FLANAGAN,AGUILAR,50,29,2,70,12,32.6
BRUNO,STEVENS,56,68,71,51,59,61
SEGURA,MURRAY,50,15,97,41,87,58
BEACH,FORD,26,79,7,6,3,24.2
CASTELLANOS,CASTRO,29,51,98,82,57,63.4
TILLMAN,MARSHALL,35,51,2,12,88,37.6
ALFORD,OWENS,12,41,20,64,44,36.2
FINCH,HARRISON,48,38,0,5,36,25.4
MCLEOD,FERNANDEZ,5,79,0,23,19,25.2
MACKEY,MCDONALD,38,85,61,68,19,54.2
DODD,WOODS,65,86,93,89,11,68.8
EMERSON,WASHINGTON,71,55,46,0,62,46.8
MINOR,KENNEDY,64,79,39,63,55,60
MUNIZ,WELLS,98,28,37,50,9,44.4
ALSTON,VARGAS,4,61,5,17,35,24.4
MALONEY,HENRY,100,71,89,52,43,71
CHILDERS,CHEN,94,34,9,30,69,47.2
MCDERMOTT,FREEMAN,60,83,72,80,68,72.6
MOSER,WEBB,70,91,86,64,6,63.4
VOGEL,TUCKER,24,9,28,64,29,30.8
MCCABE,GUZMAN,78,71,2,61,14,45.2
DANG,BURNS,58,74,45,14,48,47.8
ALONSO,CRAWFORD,96,36,19,29,88,53.6
SAUCEDO,OLSON,65,6,71,94,33,53.8
STARR,SIMPSON,67,61,92,68,94,76.4
DO,PORTER,94,85,47,25,8,51.8
HURTADO,HUNTER,8,100,17,58,6,37.8
KIRKLAND,GORDON,69,99,100,6,69,68.6
HENDRICKSON,MENDEZ,33,9,77,81,2,40.4
HOLLEY,SILVA,79,89,5,76,83,66.4
CORDERO,SHAW,91,54,79,67,49,68
FRANKS,SNYDER,7,73,95,4,51,46
GUILLEN,MASON,39,35,45,87,95,60.2
WELSH,DIXON,41,35,97,27,67,53.4
RATLIFF,MUNOZ,77,42,37,47,15,43.6
SWEET,HUNT,46,51,90,23,21,46.2
TALLEY,HICKS,53,23,36,36,33,36.2
WHITFIELD,HOLMES,12,90,79,17,52,50
CROWE,PALMER,6,15,16,52,76,33
GOLDSTEIN,WAGNER,32,28,11,44,25,28
ENGLAND,BLACK,55,86,61,20,79,60.2
PEREIRA,ROBERTSON,41,93,0,87,15,47.2
LY,BOYD,35,40,35,43,88,48.2
JOYNER,ROSE,70,43,43,95,85,67.2
RICHTER,STONE,80,80,13,24,47,48.8
FARRIS,SALAZAR,78,61,61,54,36,58
TRACY,FOX,12,85,40,95,46,55.6
BACON,WARREN,15,17,59,67,2,32
HAN,MILLS,64,56,68,84,69,68.2
GIBBONS,MEYER,66,14,15,44,49,37.6
MAYFIELD,RICE,39,20,25,54,10,29.6
HOANG,SCHMIDT,90,15,19,4,36,32.8
ELDER,GARZA,53,7,66,91,31,49.6
LAU,DANIELS,35,7,51,73,60,45.2
DALE,FERGUSON,96,39,25,61,52,54.6
CAMP,NICHOLS,19,68,10,73,97,53.4
CONNOLLY,STEPHENS,24,30,52,58,92,51.2
HEWITT,SOTO,83,69,44,71,3,54
CRAMER,WEAVER,23,1,94,89,33,48
GOLDBERG,RYAN,61,0,96,42,24,44.6
MORIN,GARDNER,75,80,22,8,96,56.2
SUTHERLAND,PAYNE,44,68,100,70,10,58.4
KAPLAN,GRANT,18,80,77,50,57,56.4
MCALLISTER,DUNN,27,97,54,17,73,53.6
BYRNE,KELLEY,81,12,90,84,55,64.4
OSORIO,SPENCER,6,71,7,64,32,36
CASH,HAWKINS,48,17,51,96,75,57.4
HAINES,ARNOLD,82,43,25,21,21,38.4
MEEKS,PIERCE,73,63,75,73,37,64.2
WYNN,VAZQUEZ,60,23,5,1,41,26
GILLIAM,HANSEN,49,16,7,4,68,28.8
VIGIL,PETERS,1,98,59,51,15,44.8
HICKEY,SANTOS,95,36,78,35,51,59
CONNOR,HART,93,47,98,23,30,58.2
PATE,BRADLEY,76,4,94,79,95,69.6
ZEPEDA,KNIGHT,61,35,83,73,91,68.6
HATCHER,ELLIOTT,62,85,32,5,94,55.6
ESCOBEDO,CUNNINGHAM,5,44,28,73,10,32
ARREDONDO,DUNCAN,76,4,1,7,84,34.4
HYDE,ARMSTRONG,28,60,80,16,2,37.2
CHRISTOPHER,HUDSON,64,21,70,67,80,60.4
MOBLEY,CARROLL,19,49,23,88,77,51.2
KESSLER,LANE,60,28,11,78,48,45
BRITTON,RILEY,25,35,0,2,56,23.6
RITCHIE,ANDREWS,23,8,20,36,95,36.4
ROMANO,ALVARADO,99,11,30,77,33,50
ONEIL,RAY,10,21,6,42,85,32.8
TYSON,DELGADO,93,21,81,93,45,66.6
BUI,BERRY,5,25,39,4,86,31.8
HILTON,PERKINS,50,26,20,38,64,39.6
CABALLERO,HOFFMAN,35,57,91,28,67,55.6
DOWNING,JOHNSTON,5,62,30,68,23,37.6
SHARPE,MATTHEWS,48,26,27,41,70,42.4
GUY,PENA,81,27,26,12,79,45
HOLCOMB,RICHARDS,46,26,88,17,9,37.2
RANKIN,CONTRERAS,42,3,21,72,19,31.4
GODFREY,WILLIS,16,51,40,7,34,29.6
CHAMBERLAIN,CARPENTER,61,100,76,53,9,59.8
FINK,LAWRENCE,6,35,91,7,13,30.4
HOLLIS,SANDOVAL,26,32,35,92,66,50.2
FOREMAN,GUERRERO,52,29,91,34,28,46.8
CARRANZA,GEORGE,91,70,79,25,81,69.2
SHARMA,CHAPMAN,6,4,74,96,12,38.4
KERN,RIOS,58,40,24,10,75,41.4
CHU,ESTRADA,15,18,7,93,55,37.6
KNOWLES,ORTEGA,10,41,98,19,66,46.8
MA,WATKINS,26,81,37,57,78,55.8
MADISON,GREENE,13,48,50,50,36,39.4
CHILDS,NUNEZ,44,62,48,64,8,45.2
BELCHER,WHEELER,36,80,100,74,33,64.6
WILLS,VALDEZ,53,16,21,10,18,23.6
WOMACK,HARPER,70,9,0,51,92,44.4
DYE,BURKE,89,42,13,29,61,46.8
ARTHUR,LARSON,64,46,22,50,79,52.2
GRACE,SANTIAGO,5,90,18,98,20,46.2
BACA,MALDONADO,39,79,94,7,9,45.6
RUTHERFORD,MORRISON,96,69,13,29,78,57
SORENSEN,FRANKLIN,67,87,86,46,90,75.2
MCCRAY,CARLSON,87,29,69,30,2,43.4
HASTINGS,AUSTIN,20,20,54,13,25,26.4
PIERSON,DOMINGUEZ,86,26,36,58,36,48.4
CHACON,CARR,61,26,73,19,34,42.6
RENTERIA,LAWSON,68,39,66,51,92,63.2
MOHAMED,JACOBS,98,64,39,97,48,69.2
NICHOLAS,OBRIEN,64,93,22,99,77,71
KENDRICK,LYNCH,94,39,79,65,28,61
FERREIRA,SINGH,75,17,67,37,77,54.6
LOCKHART,VEGA,97,51,25,97,17,57.4
BOGGS,BISHOP,14,47,81,85,44,54.2
PRYOR,MONTGOMERY,51,18,24,65,84,48.4
DOHERTY,OLIVER,66,40,40,66,18,46
SARGENT,JENSEN,56,35,58,14,46,41.8
KENNEY,HARVEY,80,61,94,46,91,74.4
TUTTLE,WILLIAMSON,55,36,4,39,44,35.6
DENTON,GILBERT,18,33,76,92,87,61.2
MAGEE,DEAN,6,62,77,3,22,34
JAMISON,SIMS,73,25,10,46,94,49.6
LYON,ESPINOZA,63,37,12,67,13,38.4
LOCKE,HOWELL,21,12,69,88,22,42.4
PUCKETT,LI,1,35,100,15,67,43.6
CORONADO,WONG,12,45,8,22,95,36.4
OLVERA,REID,92,35,80,53,72,66.4
SYKES,HANSON,18,30,76,71,30,45
MANUEL,LE,96,91,73,83,45,77.6
BURKS,MCCOY,24,45,67,24,60,44
CHIN,GARRETT,72,87,57,50,64,66
QUIROZ,BURTON,17,83,63,27,22,42.4
HOPPER,FULLER,48,7,31,69,15,34
MCGILL,WANG,81,65,95,72,99,82.4
DOLAN,WEBER,36,74,22,60,73,53
MCKENNA,WELCH,4,84,22,31,49,38
HEAD,ROJAS,83,25,46,90,31,55
MONTANO,LUCAS,66,17,61,33,31,41.6
PAREDES,MARQUEZ,45,64,37,69,55,54
DELATORRE,FIELDS,7,100,73,100,27,61.4
LANGLEY,PARK,8,15,85,93,85,57.2
SINCLAIR,YANG,57,6,91,74,69,59.4
DWYER,LITTLE,68,93,96,15,12,56.8
SHIRLEY,BANKS,8,92,76,98,54,65.6
MULLER,PADILLA,71,79,42,42,79,62.6
COURTNEY,DAY,49,13,25,68,25,36
SLAUGHTER,WALSH,90,56,90,57,25,63.6
POLK,BOWMAN,65,99,77,20,87,69.6
LEMUS,SCHULTZ,67,85,62,98,56,73.6
COVINGTON,LUNA,72,61,5,48,43,45.8
MADRIGAL,FOWLER,92,54,46,40,3,47
CLEMONS,MEJIA,33,76,34,24,99,53.2
ROSADO,DAVIDSON,89,73,67,84,72,77
BROUSSARD,ACOSTA,14,43,96,87,96,67.2
MCGINNIS,BREWER,52,86,23,73,18,50.4
HATCH,MAY,19,56,49,39,48,42.2
SHEEHAN,HOLLAND,2,17,41,50,79,37.8
RUTLEDGE,JUAREZ,1,99,47,97,23,53.4
CORBIN,NEWMAN,93,12,93,33,22,50.6
DEMPSEY,PEARSON,69,91,12,73,46,58.2
GARLAND,CURTIS,95,29,19,21,48,42.4
CARMONA,CORTEZ,35,67,71,24,7,40.8
BOWLING,DOUGLAS,91,78,26,20,28,48.6
BURRIS,SCHNEIDER,26,54,26,61,64,46.2
WHITLEY,JOSEPH,100,85,15,29,0,45.8
HAMM,BARRETT,48,32,100,5,40,45
BLAND,NAVARRO,65,37,83,98,94,75.4
BERMUDEZ,FIGUEROA,79,2,67,89,63,60
STINSON,KELLER,69,86,16,28,84,56.6
PIKE,AVILA,74,25,78,79,87,68.6
ORELLANA,WADE,19,65,67,13,2,33.2
DOWNEY,MOLINA,51,85,0,55,35,45.2
VARELA,STANLEY,100,93,73,59,38,72.6
HARDEN,HOPKINS,97,8,91,44,49,57.8
COUCH,CAMPOS,100,72,83,9,56,64
DICKINSON,BARNETT,10,18,3,66,37,26.8
CASSIDY,BATES,7,23,32,98,35,39
RUCKER,CHAMBERS,99,76,48,51,17,58.2
GABRIEL,CALDWELL,15,5,37,18,86,32.2
HERRON,BECK,88,85,96,13,47,65.8
MCNAMARA,LAMBERT,4,22,55,1,29,22.2
ROUSE,MIRANDA,54,56,95,7,20,46.4
BURT,BYRD,70,98,53,41,73,67
BATTLE,CRAIG,45,77,92,71,57,68.4
GUSTAFSON,AYALA,89,51,44,99,55,67.6
HERBERT,LOWE,54,21,80,86,33,54.8
DUNBAR,FRAZIER,81,10,89,74,49,60.6
WEBBER,POWERS,4,89,7,34,46,36
BOYCE,NEAL,2,33,85,61,4,37
DEWITT,LEONARD,16,98,78,96,57,69
ROSENBERG,GREGORY,51,5,6,24,39,25
SIMMS,CARRILLO,77,39,25,25,20,37.2
WOODRUFF,SUTTON,15,52,1,70,84,44.4
BRANDON,FLEMING,97,2,24,45,39,41.4
ROMO,RHODES,74,84,91,92,74,83
HUTCHINS,SHELTON,98,48,36,72,18,54.4
KIRKPATRICK,SCHWARTZ,94,24,76,41,96,66.2
CORBETT,NORRIS,28,96,0,53,98,55
GRANADOS,JENNINGS,53,5,74,52,56,48
ROSSI,WATTS,25,85,43,1,28,36.4
GOSS,DURAN,2,41,84,89,48,52.8
LOTT,WALTERS,87,26,0,94,87,58.8
LEYVA,COHEN,18,54,89,60,70,58.2
HINOJOSA,MCDANIEL,93,76,38,15,9,46.2
GIL,MORAN,89,21,47,89,7,50.6
CRABTREE,PARKS,35,5,48,16,31,27
GRADY,STEELE,8,24,67,26,12,27.4
MCCLELLAN,VAUGHN,62,58,63,63,3,49.8
KUMAR,BECKER,46,56,14,42,33,38.2
FRASER,HOLT,27,33,22,35,64,36.2
RICO,DELEON,44,78,50,79,45,59.2
BINGHAM,BARKER,20,66,89,24,36,47
SORIANO,TERRY,68,31,89,87,4,55.8
STERLING,HALE,4,16,31,59,25,27
FONSECA,LEON,100,58,49,18,30,51
MADRID,HAIL,29,17,60,32,91,45.8
EMERY,BENSON,19,61,12,59,9,32
SINGER,HAYNES,24,19,22,42,41,29.6
ARAGON,HORTON,54,51,58,85,40,57.6
AQUINO,MILES,32,15,67,16,48,35.6
ELMORE,LYONS,1,69,17,94,22,40.6
WORLEY,PHAM,88,74,23,39,11,47
SIMONS,GRAVES,74,19,18,17,83,42.2
QUEZADA,BUSH,58,65,44,46,1,42.8
OTT,THORNTON,18,96,24,11,88,47.4
OCAMPO,WOLFE,34,94,68,56,4,51.2
AVILES,WARNER,15,76,45,84,47,53.4
NIETO,CABRERA,14,74,44,1,37,34
ERVIN,MCKINNEY,36,9,100,35,42,44.4
GORE,MANN,44,59,66,19,98,57.2
SHAFER,ZIMMERMAN,81,93,91,81,82,85.6
WESTON,DAWSON,87,75,84,59,56,72.2
XU,LARA,73,21,18,50,84,49.2
PLUMMER,FLETCHER,42,25,50,85,72,54.8
MICHEL,PAGE,70,99,47,3,6,45
PAZ,MCCARTHY,74,95,70,4,12,51
YANEZ,LOVE,57,61,94,25,29,53.2
GREGG,ROBLES,24,91,38,52,8,42.6
ABRAMS,CERVANTES,10,75,14,65,58,44.4
SMART,SOLIS,34,25,88,61,24,46.4
BEATTY,ERICKSON,10,13,36,41,62,32.4
SERNA,REEVES,69,36,0,89,58,50.4
MEIER,CHANG,90,71,58,80,43,68.4
ROBISON,KLEIN,3,27,96,37,95,51.6
SWARTZ,SALINAS,47,82,92,22,94,67.4
SEYMOUR,FUENTES,40,18,13,52,85,41.6
GLEASON,BALDWIN,82,26,42,33,95,55.6
VELA,DANIEL,7,71,33,97,42,50
PADGETT,SIMON,90,66,88,29,32,61
ACKERMAN,VELASQUEZ,2,92,77,12,67,50
HELLER,HARDY,44,54,41,63,0,40.4
ZIEGLER,HIGGINS,63,12,5,54,42,35.2
VINSON,AGUIRRE,59,83,43,73,11,53.8
ELDRIDGE,LIN,51,24,47,13,86,44.2
PINA,CUMMINGS,82,42,31,17,37,41.8
SCHUMACHER,CHANDLER,17,7,42,96,48,42
AKERS,SHARP,96,2,68,54,86,61.2
ROE,BARBER,69,32,32,62,52,49.4
TOMLINSON,BOWEN,27,14,91,54,44,46
MAYES,OCHOA,21,88,12,88,36,49
ZHENG,DENNIS,93,0,88,81,31,58.6
ALBRIGHT,ROBBINS,25,26,26,98,5,36
BURGOS,LIU,100,72,79,97,44,78.4
SWAIN,RAMSEY,46,79,30,85,96,67.2
MANLEY,FRANCIS,10,77,4,60,50,40.2
HELTON,GRIFFITH,11,22,24,19,49,25
SONG,PAUL,33,92,42,55,7,45.8
QUICK,BLAIR,82,62,51,49,52,59.2
LESLIE,OCONNOR,23,80,14,74,84,55
STERN,CARDENAS,44,10,72,67,87,56
GIVENS,PACHECO,14,68,34,74,70,52
TIPTON,CROSS,93,68,32,2,39,46.8
COFFMAN,CALDERON,25,9,18,96,71,43.8
GREENWOOD,QUINN,31,71,54,3,74,46.6
CURRAN,MOSS,54,15,92,23,79,52.6
CHILDRESS,SWANSON,70,59,91,87,23,66
FISH,CHAN,26,55,83,83,27,54.8
ELKINS,RIVAS,24,25,53,51,12,33
DALEY,KHAN,44,11,26,38,21,28
LOWRY,RODGERS,48,80,85,20,77,62
ANGEL,SERRANO,69,29,39,41,11,37.8
SOLANO,FITZGERALD,27,98,64,67,42,59.6
DUONG,ROSALES,2,11,23,62,0,19.6
EDMONDS,STEVENSON,100,21,97,86,35,67.8
GOMES,CHRISTENSEN,6,98,45,90,37,55.2
BUCKNER,MANNING,95,4,44,44,31,43.6
WALDEN,GILL,14,24,49,14,81,36.4
HUTCHISON,CURRY,30,87,35,58,46,51.2
GRIGGS,MCLAUGHLIN,64,33,1,56,7,32.2
NIX,HARMON,81,56,79,9,45,54
CLIFTON,MCGEE,52,32,22,5,16,25.4
THOMSON,GROSS,27,92,5,46,6,35.2
YARBROUGH,DOYLE,85,98,0,2,2,37.4
MCCAULEY,GARNER,4,95,69,39,33,48
ELIAS,NEWTON,48,3,42,73,93,51.8
JACOB,BURGESS,8,85,89,73,0,51
MEREDITH,REESE,46,15,34,25,12,26.4
MCELROY,WALTON,41,61,44,55,53,50.8
GROVES,BLAKE,10,6,38,55,90,39.8
URIBE,TRUJILLO,35,73,96,38,25,53.4
HOSKINS,ADKINS,65,2,59,73,27,45.2
BOWDEN,BRADY,5,83,24,75,92,55.8
TATUM,GOODMAN,70,40,50,14,6,36
SCHAFER,ROMAN,30,8,12,71,83,40.8
FIELD,WEBSTER,53,16,39,17,13,27.6
BUSTAMANTE,GOODWIN,6,51,73,97,88,63
STOVER,FISCHER,32,43,99,67,22,52.6
TEAGUE,HUANG,79,21,35,80,96,62.2
GUNTER,POTTER,21,82,77,63,1,48.8
BURRELL,DELACRUZ,59,75,29,29,42,46.8
FUNK,MONTOYA,27,26,94,23,1,34.2
CROWDER,TODD,51,99,5,19,81,51
SCHULZ,WU,89,14,77,31,13,44.8
SANDERSON,HINES,90,75,6,94,32,59.4
CANALES,MULLINS,64,41,59,24,68,51.2
TOLBERT,CASTANEDA,79,57,33,22,59,50
LUND,MALONE,67,50,28,67,5,43.4
BLUE,CANNON,38,24,2,50,44,31.6
KAY,TATE,15,81,8,97,51,50.4
DRAPER,MACK,21,9,56,70,28,36.8
SHAPIRO,SHERMAN,19,80,38,44,3,36.8
WHALEN,HUBBARD,49,64,69,23,67,54.4
NAVARRETE,HODGES,68,30,95,17,29,47.8
GAMEZ,ZHANG,11,52,18,41,42,32.8
SWIFT,GUERRA,89,57,39,13,99,59.4
INMAN,WOLF,22,47,16,3,65,30.6
CREWS,VALENCIA,21,88,95,14,7,45
KURTZ,SAUNDERS,44,92,7,83,29,51
STROUD,FRANCO,31,57,1,14,13,23.2
BLANTON,ROWE,39,12,57,22,15,29
REECE,GALLAGHER,30,76,15,3,88,42.4
LIANG,FARMER,16,73,75,96,23,56.6
FRANCISCO,HAMMOND,9,22,13,1,20,13
CROW,HAMPTON,66,21,33,0,14,26.8
BLOOM,TOWNSEND,40,23,35,69,100,53.4
SUN,INGRAM,18,31,25,34,16,24.8
TOMPKINS,WISE,68,58,64,69,24,56.6
JUNG,GALLEGOS,56,65,75,43,91,66
NANCE,CLARKE,87,32,69,60,57,61
ANAYA,BARTON,14,39,81,79,65,55.6
MCKINLEY,SCHROEDER,25,44,72,52,33,45.2
OLIVARES,MAXWELL,59,89,2,23,54,45.4
NEWSOME,WATERS,71,78,3,6,50,41.6
THURMAN,LOGAN,43,31,55,37,12,35.6
HELMS,CAMACHO,32,74,72,2,24,40.8
METCALF,STRICKLAND,3,59,79,76,83,60
GOLDMAN,NORMAN,90,11,18,9,25,30.6
SCHMITZ,PERSON,54,13,41,30,52,38
CROUCH,COLON,83,51,74,43,64,63
MCMANUS,PARSONS,89,1,29,97,61,55.4
AREVALO,FRANK,21,57,7,77,41,40.6
HORNER,HARRINGTON,49,99,33,58,33,54.4
CONKLIN,GLOVER,12,26,19,24,19,20
HOLBROOK,OSBORNE,49,96,83,1,22,50.2
NEELY,BUCHANAN,56,13,98,25,35,45.4
HOLLINGSWORTH,CASEY,63,41,84,11,10,41.8
CLEMENT,FLOYD,94,91,2,87,43,63.4
DEVINE,PATTON,78,43,84,18,97,64
CROCKETT,IBARRA,14,27,4,60,18,24.6
BENAVIDES,BALL,52,2,90,67,96,61.4
BULLARD,TYLER,32,94,23,74,74,59.4
LOUIS,SUAREZ,21,20,90,38,100,53.8
STEINER,BOWERS,65,82,72,57,38,62.8
COATES,OROZCO,77,14,10,33,36,34
DREW,SALAS,14,9,53,58,63,39.4
BOWLES,COBB,17,24,65,49,13,33.6
PAYTON,GIBBS,61,50,96,56,31,58.8
CHAPPELL,ANDRADE,56,0,55,18,71,40
AMOS,BAUER,63,6,47,35,34,37
HAGEN,CONNER,89,66,62,11,45,54.6
PHIPPS,MOODY,18,6,55,98,11,37.6
SELF,ESCOBAR,13,16,52,67,100,49.6
LARKIN,MCGUIRE,56,86,36,62,22,52.4
POE,LLOYD,93,19,82,38,62,58.8
PRITCHARD,MUELLER,84,8,11,38,49,38
MASTERS,HARTMAN,73,66,74,86,12,62.2
GUNN,FRENCH,20,70,88,92,48,63.6
JEFFRIES,KRAMER,85,36,45,46,79,58.2
DOOLEY,MCBRIDE,32,44,11,59,28,34.8
PAGAN,POPE,56,88,40,35,65,56.8
MCGHEE,LINDSEY,49,33,51,52,90,55
POST,VELAZQUEZ,94,15,38,40,94,56.2
MONTALVO,NORTON,54,83,47,52,17,50.6
ZHOU,MCCORMICK,68,13,0,25,46,30.4
PRADO,SPARKS,72,38,64,77,99,70
HEARD,FLYNN,96,19,51,80,35,56.2
LORD,YATES,17,37,89,23,37,40.6
THAO,HOGAN,69,44,29,4,78,44.8
CONNELLY,MARSH,81,89,91,49,45,71
DRISCOLL,MACIAS,34,52,48,63,35,46.4
DUBOIS,VILLANUEVA,64,13,12,30,84,40.6
FELDMAN,ZAMORA,73,29,32,16,94,48.8
COKER,PRATT,39,57,22,36,56,42
DICKEY,STOKES,32,59,15,54,38,39.6
POLLOCK,OWEN,92,1,12,34,15,30.8
KIMBALL,BALLARD,45,38,73,32,40,45.6
RAINEY,LANG,58,66,23,83,10,48
IVEY,BROCK,75,98,14,84,80,70.2
GEE,VILLARREAL,46,27,83,52,39,49.4
BUTTS,CHARLES,55,41,73,63,84,63.2
MAHER,DRAKE,89,80,38,55,54,63.2
JEWELL,BARRERA,72,57,51,69,98,69.4
BARRAGAN,CAIN,28,56,21,80,28,42.6
MACHADO,PATRICK,84,50,63,66,7,54
RUBIN,PINEDA,87,68,29,97,12,58.6
REYNOSO,BURNETT,70,67,100,54,63,70.8
WESLEY,MERCADO,12,2,73,14,92,38.6
HIDALGO,SANTANA,43,9,30,7,72,32.2
CABRAL,SHEPHERD,67,98,84,29,1,55.8
SAMUEL,BAUTISTA,45,89,77,90,36,67.4
LACY,ALI,47,29,30,16,1,24.6
GALLO,SHAFFER,85,71,28,98,84,73.2
EGAN,LAMB,78,76,59,38,52,60.6
ALDRIDGE,TREVINO,2,94,36,51,17,40
SWENSON,MCKENZIE,67,35,8,86,53,49.8
SWAN,HESS,99,36,37,17,57,49.2
STRATTON,BEIL,78,84,57,60,10,57.8
HINKLE,OLSEN,76,98,72,49,29,64.8
BUTCHER,COCHRAN,16,69,79,96,26,57.2
ORNELAS,MORTON,94,44,50,35,36,51.8
FORREST,NASH,59,11,10,5,82,33.4
COLBERT,WILKINS,72,38,87,44,82,64.6
ALEMAN,PETERSEN,48,45,100,62,83,67.6
RODRIQUEZ,BRIGGS,19,5,71,72,87,50.8
ARRINGTON,SHAH,72,19,60,69,88,61.6
GOINS,ROTH,50,70,9,53,8,38
WHALEY,NICHOLSON,37,52,9,65,77,48
ESPOSITO,HOLLOWAY,13,19,97,96,36,52.2
NEFF,LOZANO,37,61,85,84,40,61.4
MEAD,RANGEL,9,60,10,13,40,26.4
CASILLAS,FLOWERS,97,67,68,23,89,68.8
LILLY,HOOVER,15,97,91,85,63,70.2
BIGGS,SHORT,90,71,3,64,22,50
YEAGER,ARIAS,25,98,4,6,19,30.4
GODWIN,MORA,100,33,60,83,46,64.4
SPRAGUE,VALENZUELA,11,77,37,17,43,37
ROSEN,BRYAN,87,89,61,82,24,68.6
QUINTANILLA,MEYERS,37,56,99,8,94,58.8
OTTO,WEISS,90,20,2,53,37,40.4
BILLINGS,UNDERWOOD,36,78,73,87,96,74
CONNELL,BASS,57,73,59,16,95,60
TEMPLE,GREER,79,83,25,22,31,48
BOSWELL,SUMMERS,43,0,76,59,49,45.4
COLVIN,HOUSTON,79,9,69,56,86,59.8
KOENIG,CARSON,13,0,27,42,1,16.6
ERWIN,MORROW,92,16,0,71,66,49
TELLEZ,CLAYTON,15,9,3,44,38,21.8
NORWOOD,WHITAKER,52,86,13,53,59,52.6
MILLIGAN,DECKER,88,66,44,18,69,57
AMES,YODER,17,64,40,18,43,36.4
PURCELL,COLLIER,80,89,56,35,36,59.2
LUDWIG,ZUNIGA,37,14,20,38,61,34
SOUZA,CAREY,88,9,39,32,9,35.4
HUGGINS,WILCOX,53,67,33,71,19,48.6
AMADOR,MELENDEZ,88,22,85,88,35,63.6
DUNHAM,POOLE,95,20,84,82,61,68.4
GOODE,ROBERSON,29,46,69,48,52,48.8
KAUFFMAN,LARSEN,83,86,53,48,83,70.6
PIPER,CONLEY,44,14,57,37,17,33.8
OLEARY,DAVENPORT,87,44,52,49,91,64.6
CUELLAR,COPELAND,35,16,38,52,88,45.8
STEWARD,MASSEY,36,51,70,48,48,50.6
WINN,LAM,72,73,89,28,54,63.2
GARY,HUFF,26,84,34,12,88,48.8
ZHAO,ROCHA,94,41,49,25,1,42
SEWELL,CAMERON,34,3,60,25,2,24.8
BROWNE,JEFFERSON,32,82,16,78,14,44.4
RAMEY,HOOD,86,39,98,67,97,77.4
DAVISON,MONROE,62,83,66,95,32,67.6
CLIFFORD,ANTHONY,81,95,73,69,81,79.8
STAHL,PITTMAN,22,7,0,57,16,20.4
YBARRA,HUYNH,60,6,82,42,9,39.8
SAMUELS,RANDALL,82,5,40,61,57,49
DUKES,SINGLETON,29,89,86,60,78,68.4
SHERIDAN,KIRK,75,96,37,46,97,70.2
SNELL,COMBS,40,70,53,77,5,49
VICKERS,MATHIS,80,89,18,23,72,56.4
CARTWRIGHT,CHRISTIAN,28,79,12,9,2,26
LINK,SKINNER,9,21,4,39,52,25
BLACKMON,BRADFORD,67,91,35,83,86,72.4
BUNCH,RICHARD,58,95,12,28,88,56.2
GRIMM,GALVAN,22,58,66,37,71,50.8
MEADE,WALL,86,84,30,18,58,55.2
SILVER,BOONE,52,27,43,7,22,30.2
OJEDA,KIRBY,56,3,78,46,49,46.4
GEIGER,WILKINSON,40,28,1,5,0,14.8
DODGE,BRIDGES,23,44,48,48,47,42
KRAFT,BRUCE,46,84,5,86,69,58
LUJAN,ATKINSON,56,71,8,93,98,65.2
BABCOCK,VELEZ,67,41,62,31,93,58.8
HAND,MEZA,30,12,73,60,28,40.6
WINKLER,ROY,74,31,47,93,6,50.2
PAINTER,VINCENT,66,95,10,16,47,46.8
REGAN,YORK,99,10,36,16,33,38.8
BRAGG,HODGE,61,71,21,100,29,56.4
ENGEL,VILLA,99,14,28,34,16,38.2
VALADEZ,ABBOTT,18,43,44,39,81,45
CARBAJAL,ALLISON,26,80,17,33,92,49.6
REDMOND,TAPIA,21,9,89,48,15,36.4
JARRETT,GATES,66,22,14,78,1,36.2
BOLDEN,CHASE,46,38,32,66,24,41.2
WOLFF,SOSA,19,81,48,10,65,44.6
THORPE,SWEENEY,92,21,24,37,9,36.6
HASSAN,FARRELL,3,48,9,39,83,36.4
HADLEY,WYATT,34,64,11,75,64,49.6
HEALY,DALTON,60,45,96,21,38,52
MCDONOUGH,HORN,90,52,72,47,10,54.2
SHIN,BARRON,49,51,61,93,61,63
GROVE,PHELPS,15,32,84,35,88,50.8
BLOCK,YU,74,12,54,76,52,53.6
PEACOCK,DICKERSON,56,86,33,49,20,48.8
OHARA,HEATH,76,18,85,61,63,60.6
HAMMER,FOLEY,54,52,54,5,0,33
FELICIANO,ATKINS,35,86,15,87,21,48.8
WINSTON,MATHEWS,22,46,44,48,90,50
BETANCOURT,BONILLA,98,96,87,71,12,72.8
BEAVER,ACEVEDO,36,44,19,19,60,35.6
GODINEZ,BENITEZ,4,85,6,38,29,32.4
KILGORE,ZAVALA,13,58,28,37,38,34.8
MCGRAW,HENSLEY,49,10,20,44,52,35
DAHL,GLENN,69,19,9,11,27,27
DIAMOND,CISNEROS,87,44,26,90,98,69
PIMENTEL,HARRELL,51,92,32,72,2,49.8
CORNELL,SHIELDS,44,68,19,93,26,50
ARREOLA,RUBIO,60,78,72,74,62,69.2
SIEGEL,HUFFMAN,45,18,93,10,78,48.8
HANKINS,CHOI,78,25,41,96,90,66
RAINES,BOYER,88,32,64,25,68,55.4
THACKER,GARRISON,18,26,93,33,15,37
SADLER,ARROYO,95,10,73,41,71,58
SOTELO,BOND,80,43,22,25,5,35
DUGAN,KANE,93,45,41,52,77,61.6
COTE,HANCOCK,2,57,98,30,45,46.4
BOWER,CALLAHAN,27,26,94,48,84,55.8
MINER,DILLON,54,100,72,15,50,58.2
BRANTLEY,CLINE,34,73,30,3,15,31
SHEETS,WIGGINS,53,92,33,43,50,54.2
SHERWOOD,GRIMES,1,40,71,100,48,52
PINTO,ARELLANO,42,4,100,65,62,54.6
DOSS,MELTON,100,98,44,21,47,62
STILES,ONEILL,99,6,94,64,76,67.8
WILLARD,SAVAGE,80,1,78,28,90,55.4
WADDELL,HO,36,7,86,51,11,38.2
STANFORD,BELTRAN,91,93,75,9,93,72.2
LATHAM,PITTS,79,13,24,38,81,47
ZHU,PARRISH,4,66,90,58,1,43.8
IRVIN,PONCE,96,98,4,3,34,47
MATOS,RICH,55,15,69,12,63,42.8
GAGNON,BOOTH,99,5,62,4,39,41.8
CARLTON,KOCH,63,50,21,64,48,49.2
TIDWELL,GOLDEN,87,36,95,17,35,54
LOVELL,WARE,29,11,58,50,89,47.4
HOYT,BRENNAN,96,43,32,40,40,50.2
SPIVEY,MCDOWELL,98,0,2,78,79,51.4
JEAN,MARKS,92,36,53,66,57,60.8
LAND,CANTU,38,100,11,94,70,62.6
PATINO,HUMPHREY,79,25,0,82,66,50.4
MARRERO,BAXTER,88,54,75,16,28,52.2
HAGER,SAWYER,63,32,93,99,0,57.4
HURT,CLAY,47,82,9,95,40,54.6
ASH,TANNER,70,28,33,99,100,66
HAGAN,HUTCHINSON,67,80,20,25,43,47
BRITO,KAUR,73,82,32,28,36,50.2
LANIER,BERG,5,27,53,0,48,26.6
ZARATE,WILEY,99,45,36,14,29,44.6
MAJOR,GILMORE,94,28,37,9,67,47
ESCAMILLA,RUSSO,14,2,28,71,18,26.6
OTERO,VILLEGAS,74,94,38,1,6,42.6
HENLEY,HOBBS,21,69,45,61,97,58.6
DICK,KEITH,64,49,16,75,34,47.6
VOSS,WILKERSON,11,91,47,1,29,35.8
GREENBERG,AHMED,9,13,74,89,51,47.2
FINN,BEARD,70,27,74,67,6,48.8
VENEGAS,MCCLAIN,85,48,1,5,2,28.2
MCNEAL,MONTES,98,91,1,96,31,63.4
METZGER,MATA,54,21,70,26,80,50.2
COULTER,ROSARIO,17,83,89,48,35,54.4
BEAL,VANG,8,55,94,37,12,41.2
CRUMP,WALTER,55,69,58,94,3,55.8
JORGENSEN,HENSON,56,86,7,66,62,55.4
MAURER,ONEAL,39,15,33,64,99,50
KEARNEY,MOSLEY,6,5,98,9,65,36.6
CUMMINS,MCCLURE,57,96,70,88,57,73.6
FERRIS,BEASLEY,59,62,1,10,14,29.2
MILTON,STEPHENSON,59,79,23,16,65,48.4
TIMMONS,SNOW,92,84,21,53,77,65.4
PALMA,HUERTA,19,44,65,63,21,42.4
ESCALANTE,PRESTON,60,31,35,14,85,45
CAHILL,VANCE,11,3,52,63,43,34.4
SCHAFFER,BARRY,1,38,47,69,9,32.8
GUIDRY,JOHNS,73,98,76,74,84,81
YEE,EATON,68,87,63,87,40,69
KRUSE,BLACKWELL,43,96,51,25,80,59
MCMULLEN,DYER,70,100,13,37,9,45.8
HURD,PRINCE,22,77,75,44,75,58.6
CASTLE,MACDONALD,77,14,66,6,90,50.6
VALDES,SOLOMON,2,12,22,25,18,15.8
MCWILLIAMS,GUEVARA,73,12,89,87,17,55.6
LEUNG,STAFFORD,44,16,17,87,33,39.4
HOLLIDAY,ENGLISH,42,30,18,11,79,36
HOUSER,HURST,100,10,28,72,48,51.6
BASSETT,WOODARD,39,55,24,55,65,47.6
THOMASON,CORTES,19,23,32,38,14,25.2
SAPP,SHANNON,33,8,7,93,27,33.6
TRIPP,KEMP,63,38,3,89,56,49.8
GALVEZ,NOLAN,54,87,38,36,71,57.2
EUBANKS,MCCULLOUGH,62,86,61,59,2,54
HILLIARD,MERRITT,74,35,94,92,12,61.4
CROCKER,MURILLO,16,66,20,67,68,47.4
CARUSO,MOON,10,44,45,81,47,45.4
ALONZO,SALGADO,2,48,2,12,68,26.4
BARNARD,STRONG,69,33,36,28,44,42
DEAL,KLINE,57,32,36,26,58,41.8
METZ,CORDOVA,1,49,100,77,25,50.4
CARLISLE,BARAJAS,30,29,57,3,23,28.4
HARGROVE,ROACH,65,4,21,0,48,27.6
KEENAN,ROSAS,35,10,87,76,3,42.2
NORTH,WINTERS,47,18,43,53,54,43
DASILVA,JACOBSON,6,35,31,27,7,21.2
LEDESMA,LESTER,19,89,94,28,28,51.6
MESSER,KNOX,81,38,4,76,15,42.8
WESTBROOK,BULLOCK,89,93,40,8,3,46.6
ROOT,KERR,1,83,21,46,69,44
HACKETT,LEACH,32,61,49,46,85,54.6
POSEY,MEADOWS,43,22,28,50,75,43.6
FOUNTAIN,ORR,77,50,99,44,70,68
CORNELIUS,DAVILA,16,1,90,52,20,35.8
BENOIT,WHITEHEAD,22,54,88,10,93,53.4
BARNHART,PRUITT,39,88,77,70,23,59.4
RENDON,KENT,62,64,34,36,50,49.2
HANNAH,CONWAY,50,97,61,70,97,75
PEDERSEN,MCKEE,33,85,19,26,11,34.8
STUBBS,BARR,15,72,70,93,58,61.6
STARKS,DAVID,79,97,76,16,76,68.8
SIZEMORE,DEJESUS,83,38,50,25,42,47.6
EPPS,MARIN,78,5,47,27,18,35
OLIVAS,BERGER,27,50,18,55,47,39.4
BERGERON,MCINTYRE,75,59,60,41,49,56.8
ROPER,BLANKENSHIP,88,75,43,58,83,69.4
HIGHTOWER,GAINES,58,20,95,88,23,56.8
PAIGE,PALACIOS,56,63,39,79,17,50.8
URBAN,CUEVAS,64,4,19,13,62,32.4
BOUCHER,BARTLETT,36,60,65,49,75,57
FONTENOT,DURHAM,24,96,97,49,77,68.6
WASHBURN,DORSEY,91,48,66,47,39,58.2
FARR,MCCALL,90,34,99,61,42,65.2
MELVIN,ODONNELL,95,27,16,49,57,48.8
CULLEN,STEIN,7,19,61,21,5,22.6
HU,BROWNING,29,95,58,60,90,66.4
MCCOLLUM,STOUT,96,43,79,0,72,58
BETTS,LOWERY,54,87,48,43,16,49.6
COYLE,SLOAN,33,74,59,43,74,56.6
TROTTER,MCLEAN,77,2,32,66,61,47.6
WILHELM,HENDRICKS,85,52,65,40,34,55.2
BLOUNT,CALHOUN,44,43,19,82,69,51.4
MURDOCK,SEXTON,50,93,31,42,37,50.6
STREET,CHUNG,1,94,35,0,6,27.2
LOCKWOOD,GENTRY,9,41,12,62,83,41.4
HINSON,HULL,63,50,12,84,17,45.2
RUDOLPH,DUARTE,64,57,27,18,34,40
WAITERS,ELLISON,92,76,39,10,52,53.8
SEPULVEDA,NIELSEN,67,95,14,88,40,60.8
DUVALL,GILLESPIE,36,58,51,66,52,52.6
SMILEY,BUCK,81,19,0,95,7,40.4
CASAS,MIDDLETON,85,30,79,74,60,65.6
DOAN,SELLERS,76,83,31,50,14,50.8
MCQUEEN,LEBLANC,50,34,34,46,68,46.4
LANGSTON,ESPARZA,23,22,71,39,55,42
SHEFFIELD,HARDIN,77,36,5,12,48,35.6
TACKETT,BRADSHAW,29,3,1,76,46,31
LOCKLEAR,MCINTOSH,0,41,54,61,78,46.8
LINARES,HOWE,55,42,60,29,40,45.2
POLANCO,LIVINGSTON,76,43,80,18,27,48.8
MARROQUIN,FROST,48,43,11,58,11,34.2
CONNORS,GLASS,90,94,57,29,98,73.6
TRENT,MORSE,24,57,53,56,63,50.6
CARMICHAEL,KNAPP,1,23,79,52,77,46.4
TOTH,HERMAN,24,11,88,66,70,51.8
RUSHING,STARK,91,97,44,75,88,79
CODY,BRAVO,33,94,11,55,41,46.8
GAMBOA,NOBLE,62,99,24,7,38,46
BREWSTER,SPEARS,69,83,45,5,1,40.6
SHIPLEY,WEEKS,21,56,13,93,67,50
MENA,CORONA,86,39,73,0,92,58
PRIETO,FREDERICK,65,78,91,40,27,60.2
GIFFORD,BUCKLEY,72,65,21,89,41,57.6
OLIVA,MCFARLAND,81,72,80,45,21,59.8
LAYTON,HEBERT,37,76,42,96,36,57.4
GASTON,ENRIQUEZ,4,54,46,6,10,24
GOODRICH,HICKMAN,7,9,11,43,15,17
PRATER,QUINTERO,42,41,56,42,81,52.4
BURGER,RANDOLPH,3,65,82,72,98,64
TOLEDO,SCHAEFER,52,21,17,96,7,38.6
LOVETT,WALLS,40,53,60,12,61,45.2
GIPSON,TREJO,66,45,95,33,51,58
ARCE,HOUSE,63,82,77,94,31,69.4
WISEMAN,REILLY,80,79,56,82,59,71.2
DOBSON,PENNINGTON,98,5,85,34,14,47.2
LEDBETTER,MICHAEL,93,90,1,73,54,62.2
ARTEAGA,CONRAD,34,37,12,51,20,30.8
PENN,GILES,66,51,76,83,15,58.2
JIANG,BENJAMIN,35,5,8,67,43,31.6
WHITMAN,CROSBY,73,63,0,69,90,59
BURKETT,FITZPATRICK,71,66,54,100,10,60.2
KOEHLER,DONOVAN,90,60,73,67,64,70.8
CHRISTIANSEN,MAYS,56,44,35,53,95,56.6
SHELDON,MAHONEY,1,78,87,42,88,59.2
PRITCHETT,VALENTINE,9,45,33,38,14,27.8
PAULSON,RAYMOND,52,80,61,54,75,64.4
EDDY,MEDRANO,70,29,68,83,88,67.6
ROCK,HAHN,69,34,25,89,80,59.4
ROLAND,MCMILLAN,16,75,72,15,11,37.8
ARANDA,SMALL,27,43,92,82,22,53.2
MCCRACKEN,BENTLEY,63,93,68,92,8,64.8
HYATT,FELIX,59,85,14,62,92,62.4
HANLEY,PECK,33,17,2,88,87,45.4
ARRIAGA,LUCERO,76,77,75,41,63,66.4
ENGLE,BOYLE,59,5,76,3,13,31.2
STORY,HANNA,34,12,34,61,61,40.4
VALENTIN,PACE,16,25,1,85,12,27.8
YOST,RUSH,76,81,30,21,34,48.4
LANGFORD,HURLEY,28,64,13,10,76,38.2
HERNDON,HARDING,8,25,25,89,11,31.6
NAPIER,MCCONNELL,97,4,31,40,23,39
LAI,BERNAL,46,1,21,21,31,24
REEDER,NAVA,83,3,38,72,32,45.6
MCNEILL,AYERS,66,7,8,69,53,40.6
LEVIN,EVERETT,16,62,80,12,100,54
LANDERS,VENTURA,88,95,48,53,68,70.4
MIMS,AVERY,53,52,58,82,62,61.4
BRAND,PUGH,90,66,98,36,74,72.8
DELOSSANTOS,MAYER,27,54,76,16,12,37
VALLEJO,BENDER,96,24,29,28,49,45.2
LIMA,SHEPARD,88,41,30,89,17,53
CRONIN,MCMAHON,21,30,0,93,49,38.6
MUHAMMAD,LANDRY,19,12,91,57,83,52.4
FITCH,CASE,3,41,4,6,21,15
GUPTA,SAMPSON,15,22,75,67,33,42.4
OLIVEIRA,MOSES,29,54,39,46,3,34.2
MCCAIN,MAGANA,61,37,51,71,98,63.6
MEDEIROS,BLACKBURN,99,27,42,28,42,47.6
KRAUS,DUNLAP,93,82,6,45,77,60.6
STACY,GOULD,24,5,81,59,95,52.8
PETTIT,DUFFY,6,46,46,99,14,42.2
BATEMAN,VAUGHAN,43,79,96,9,53,56
PULIDO,HERRING,39,17,18,21,59,30.8
ROCHE,MCKAY,32,82,52,9,65,48
TOBIN,ESPINOSA,13,19,1,56,42,26.2
ZARAGOZA,RIVERS,48,95,26,83,87,67.8
ISAAC,FARLEY,96,24,22,77,94,62.6
SPAULDING,BERNARD,0,35,100,84,46,53
KEYS,ASHLEY,52,19,74,16,91,50.4
SYLVESTER,FRIEDMAN,64,4,8,25,22,24.6
NOWAK,POTTS,12,86,0,79,13,38
WEIR,TRUONG,68,35,30,44,22,39.8
DARLING,COSTA,15,9,82,23,12,28.2
BARRIENTOS,CORREA,36,21,79,38,95,53.8
OGDEN,BLEVINS,50,54,21,89,37,50.2
MCCLENDON,NIXON,66,67,14,38,12,39.4
ARAUJO,CLEMENTS,6,73,6,31,96,42.4
SUMNER,FRY,59,39,31,33,20,36.4
SAAVEDRA,DELAROSA,68,89,0,96,49,60.4
GILLIS,BEST,58,94,2,66,33,50.6
LANDIS,BENTON,43,7,92,72,9,44.6
CAUDILL,LUGO,13,86,2,31,31,32.6
JACOBSEN,PORTILLO,51,98,25,18,76,53.6
OVERTON,DOUGHERTY,56,77,6,8,74,44.2
DIEHL,CRANE,68,18,93,77,60,63.2
ALARCON,HALEY,94,10,43,55,80,56.4
HEDRICK,PHAN,48,58,96,67,25,58.8
TONEY,VILLALOBOS,73,45,55,32,100,61
CHEUNG,BLANCHARD,71,69,70,100,63,74.6
DARBY,HORNE,26,65,47,10,71,43.8
THORNE,FINLEY,39,11,69,21,66,41.2
MANSFIELD,QUINTANA,31,13,4,91,25,32.8
KYLE,LYNN,77,50,80,9,43,51.8
DIETZ,ESQUIVEL,88,68,44,82,66,69.6
SMALLWOOD,BEAN,87,74,96,17,27,60.2
ADAIR,DODSON,26,51,60,49,0,37.2
GOLD,MULLEN,10,54,8,15,3,18
LAIRD,XIONG,93,62,24,71,27,55.4
LACEY,HAYDEN,71,18,35,37,92,50.6
CHRISTIE,CANO,63,31,30,33,70,45.4
PACK,LEVY,77,58,43,66,18,52.4
VIDAL,HUBER,11,63,15,34,28,30.2
KISER,RICHMOND,78,73,38,72,56,63.4
PEOPLES,MOYER,26,19,44,69,0,31.6
WAITE,LIM,67,4,89,43,93,59.2
BEYER,FRYE,71,38,64,41,12,45.2
DESAI,SHEPPARD,26,62,9,4,5,21.2
BANUELOS,MCCARTY,89,84,72,26,84,71
SPANGLER,AVALOS,89,66,45,21,95,63.2
MONDRAGON,BOOKER,50,26,8,42,41,33.4
FAIR,WALLER,52,17,95,48,44,51.2
RIZZO,PARRA,75,38,87,35,29,52.8
SANDS,WOODWARD,57,65,2,2,20,29.2
QUEEN,JARAMILLO,97,21,79,94,88,75.8
LEDFORD,KRUEGER,49,56,14,1,8,25.6
ALLRED,RASMUSSEN,61,87,37,13,29,45.4
BLEDSOE,BRANDT,61,78,78,58,65,68
RHOADES,PERALTA,28,45,24,92,29,43.6
RICKS,DONALDSON,20,21,4,14,43,20.4
SPICER,STUART,5,16,63,36,79,39.8
ORDONEZ,FAULKNER,21,87,40,1,61,42
CHAVARRIA,MAYNARD,2,28,17,89,69,41
BRYSON,GALINDO,95,70,21,57,6,49.8
HUTTON,COFFEY,70,19,58,10,44,40.2
DOBBS,ESTES,12,56,9,8,48,26.6
LAY,SANFORD,35,30,21,6,23,23
ABEL,BURCH,29,61,90,53,19,50.4
KEEN,MADDOX,81,67,17,89,83,67.4
WOODY,VO,26,12,22,46,18,24.8
LUKE,OCONNELL,53,89,97,31,60,66
MCHUGH,VU,17,13,2,40,83,31
NEGRON,ANDERSEN,33,84,79,78,75,69.8
COPE,SPENCE,11,65,30,84,5,39
TRIPLETT,MCPHERSON,82,67,82,85,14,66
HATHAWAY,CHURCH,92,76,65,32,6,54.2
SALCEDO,SCHMITT,58,70,97,45,26,59.2
PRESLEY,STANTON,28,16,68,97,59,53.6
ERNST,LEAL,95,30,86,59,68,67.6
HAYWOOD,CHERRY,68,89,40,85,7,57.8
PUTNAM,COMPTON,39,62,28,54,41,44.8
NAJERA,DUDLEY,1,32,27,2,18,16
STAPLETON,SIERRA,68,81,15,88,12,52.8
BATISTA,POLLARD,5,10,28,43,11,19.4
WILKES,ALFARO,29,17,56,9,18,25.8
LOPES,HESTER,93,31,61,2,56,48.6
RICHEY,PROCTOR,61,41,27,16,85,46
OH,LU,29,41,18,7,71,33.2
KEYES,HINTON,98,61,47,29,9,48.8
DILL,NOVAK,21,37,98,81,93,66
HUMPHRIES,GOOD,29,95,10,5,78,43.4
YOUNGBLOOD,MADDEN,92,62,24,16,10,40.8
CAPPS,MCCANN,100,88,23,72,59,68.4
CATES,TERRELL,18,97,79,3,89,57.2
COVARRUBIAS,JARVIS,28,67,71,78,80,64.8
ADDISON,DICKSON,37,39,69,2,92,47.8
HA,REYNA,42,84,100,81,43,70
MCRAE,CANTRELL,18,13,80,1,74,37.2
CAO,MAYO,7,28,11,76,93,43
DICKENS,BRANCH,90,23,49,19,100,56.2
JUDD,HENDRIX,28,76,79,36,0,43.8
BARBOSA,ROLLINS,83,45,28,27,36,43.8
HAWLEY,ROWLAND,33,73,85,90,0,56.2
RAHMAN,WHITNEY,20,62,16,75,98,54.2
CRENSHAW,DUKE,26,21,73,90,83,58.6
LACKEY,ODOM,54,73,57,74,83,68.2
VARNER,DAUGHERTY,83,57,39,93,32,60.8
STALEY,TRAVIS,95,90,63,40,93,76.2
KOWALSKI,TANG,28,65,94,60,29,55.2
KINCAID,ARCHER,48,97,71,56,11,56.6